FirstName,Surname,PositionsList,Team,Cost,PointsLastRound,TotalPoints,AveragePoints,AveragePointsPerDollar,TotalPointsPerDollar,GameweekWeighting,TransfersOut,YellowCards,GoalsConceded,GoalsConcededPoints,Saves,SavesPoints,GoalsScored,GoalsScoredPoints,ValueSeason,TransfersOutRound,PriceRise,PriceFallRound,LastSeasonPoints,PriceFall,ValueForm,PenaltiesMissed,Form,Bonus,FanRating,CleanSheets,CleanSheetPoints,Assists,SelectedByPercent,TransfersIn,OwnGoals,EAIndex,PenaltiesSaved,DreamteamCount,MinutesPlayed,TransfersInRound,PriceRiseRound,RedCards,BPS,NextFixture1,NextFixture2,NextFixture3,NextFixture4,NextFixture5,GW23Forecast,GW24Forecast,GW25Forecast,GW26Forecast,GW27Forecast,GW28Forecast,GW29Forecast,GW30Forecast,GW31Forecast,GW32Forecast,GW33Forecast,GW34Forecast,GW35Forecast,GW36Forecast,GW37Forecast,GW38Forecast,ICTIndex
Rolando,Aarons,MID,NEW,4800000,0,0,0,0,0,0,6124,0,0,0,0,0,0,0,0,4,-2,0,0,2,0,0,0,0,0,0,0,0,0,1553,0,-1,0,0,0,0,0,0,0,Southampton,Chelsea,Man Utd,Wolverhampton,West Brom,0,0,0,0,0,0,0,0,0,0,0,0,0,0,0,0,0
Tammy,Abraham,FWD,CHE,7200000,0,65,3.6,5E-07,9.02777777777778E-06,0,667602,0,11,0,0,0,6,0,9,12561,-3,0,65,3,0.1,0,0.8,8,0,5,0,2,3,552444,0,-1,0,1,950,1558,0,0,222,Sheffield United,Newcastle,Southampton,Man Utd,Everton,4,4.4,3.2,3.4,3.4,4,3.8,4.2,4,3.7,3.1,3.9,2.5,3.3,3.2,3.2,84.4
Che,Adams,FWD,SOU,5800000,5,82,3.9,6.72413793103448E-07,1.41379310344828E-05,0,1254765,1,34,0,0,0,4,0,14.1,11628,-2,0,82,2,0.4,0,2.4,9,0,6,0,6,4.4,1241310,0,-1,0,1,1712,11144,0,0,263,Newcastle,Wolverhampton,Chelsea,Leeds United F.C.,Everton,4.5,4.6,8.1,4.3,4.3,4.4,3.8,4.3,4.5,5.5,0,3.8,4,4.6,4.1,3.3,123.1
Tosin,Adarabioyo,DEF,FUL,4500000,6,57,3.2,7.11111111111111E-07,1.26666666666667E-05,0,31657,1,20,0,0,0,0,0,12.7,560,0,0,57,0,0.6,0,2.7,5,0,5,0,1,0.4,57025,0,-1,0,1,1620,2846,0,0,309,West Ham,Everton,Burnley,Sheffield United,Crystal Palace,3.5,6.2,3.1,3.3,3.8,4.4,2.4,3.7,4.2,3.9,0,2.8,3.1,2.5,3.7,2.6,53.9
,Adrian,GLK,LIV,4200000,0,2,0.0909090909090909,2.16450216450216E-08,4.76190476190476E-07,0,59493,0,9,0,7,0,0,0,0.5,248,-3,0,2,3,0,0,0,0,0,0,0,0,0.3,53518,0,-1,0,0,180,165,0,0,28,Man City,Leicester,Everton,Sheffield United,Fulham,0,0,0,0,0,0,0,0,0,0,0,0,0,0,0,0,4.2
Sergio,Aguero,FWD,MCI,10300000,0,6,1.2,1.16504854368932E-07,5.8252427184466E-07,0,499794,0,2,0,0,0,0,0,0.6,568,-2,0,6,2,0,0,0,0,0,1,0,0,1.1,289123,0,-1,0,0,140,132,0,0,20,Liverpool,Tottenham,Everton,Arsenal,West Ham,0,0,0,0,0,0.6,0.7,0.6,0.6,0.6,0,0.6,0.6,0.7,0.6,0.6,10.4
Ola,Aina,DEF,FUL,4500000,0,53,2.9,6.44444444444444E-07,1.17777777777778E-05,0,51115,2,21,0,0,0,1,0,11.8,1077,0,0,53,0,0.4,0,1.6,3,0,4,0,0,0.4,75598,0,-1,0,1,1594,724,0,0,271,West Ham,Everton,Burnley,Sheffield United,Crystal Palace,3.1,5.3,2.7,2.9,3.3,3.9,2.1,3.2,3.6,3.4,0,2.4,2.6,2.1,3.2,2.3,48.4
Rayan,Ait Nouri,DEF,WOL,5000000,0,32,1.45454545454545,2.90909090909091E-07,6.4E-06,0,46153,0,11,0,0,0,1,0,6.4,291,0,0,32,0,0.3,0,1.3,5,0,1,0,1,0.1,48799,0,-1,0,1,689,12,0,0,136,Leicester,Southampton,Leeds United F.C.,Newcastle,Aston Villa,0,0,0,0,0,1.3,1.2,1.2,1,1,1,1,0.9,0.8,0.7,1,33.8
Oluwasemilogo Adesewo Ibidapo,Ajayi,DEF,WBA,4800000,1,41,1.9,3.95833333333333E-07,8.54166666666667E-06,0,39473,3,54,0,0,0,2,0,8.5,518,-2,0,41,2,0.4,0,1.7,2,0,1,0,1,0.3,30876,0,-1,0,0,1980,157,0,0,268,Tottenham,Man Utd,Burnley,Brighton,Newcastle,1.4,1.4,1.4,1.2,1.1,1.5,1,1.2,1.2,1.7,1.8,2,1.8,1.7,1.6,1.4,60.3
Albian,Ajeti,FWD,WHU,5500000,0,0,0,0,0,0,827,0,0,0,0,0,0,0,0,0,0,0,0,0,0,0,0,0,0,0,0,0,0,663,0,-1,0,0,0,0,0,0,0,Fulham,Sheffield United,Tottenham,Man City,Leeds United F.C.,0,0,0,0,0,0,0,0,0,0,0,0,0,0,0,0,0
Nathan,Ake,DEF,MCI,5400000,0,21,1,1.85185185185185E-07,3.88888888888889E-06,0,614816,3,7,0,0,0,1,0,3.9,1609,-1,0,21,1,0,0,0,1,0,2,0,0,2.6,261826,0,-1,0,0,469,18,0,0,97,Liverpool,Tottenham,Everton,Arsenal,West Ham,0,0,0,0,0,0.5,0.8,0.5,0.5,0.5,0,0.5,0.5,0.5,0.5,0.5,16.6
Marc,Albrighton,MID,LEI,5200000,1,38,1.72727272727273,3.32167832167832E-07,7.30769230769231E-06,0,17770,2,10,0,0,0,0,0,7.3,184,-3,0,38,3,0.4,0,2.2,0,0,4,0,3,0.1,9598,0,-1,0,0,1036,63,0,0,159,Wolverhampton,Liverpool,Aston Villa,Arsenal,Brighton,1,0.9,0.9,0.9,1.2,1.5,1.4,0.9,1.1,1,0.9,1,0.9,0.9,1,0.9,63.9
Toby,Alderweireld,DEF,TOT,5400000,6,55,3.9,7.22222222222222E-07,1.01851851851852E-05,0,243833,2,12,0,0,0,1,0,10.2,1718,-1,0,55,1,0.2,0,1.3,4,0,6,0,0,1.7,153606,1,-1,0,1,1250,955,0,0,265,West Brom,Man City,West Ham,Burnley,Crystal Palace,4.4,5.2,5.1,3.9,4.8,5.2,3.7,3.9,4.1,4.3,0,4,4.3,5.3,4.2,5,51.6
Trent,Alexander-Arnold,DEF,LIV,7400000,0,71,3.4,4.59459459459459E-07,9.59459459459459E-06,0,3444808,1,28,0,0,0,1,0,9.6,20984,-1,0,71,1,0.6,0,4.3,7,0,4,0,3,15.1,883667,0,-1,0,1,1755,5439,0,0,392,Man City,Leicester,Everton,Sheffield United,Fulham,4.8,3.9,2.6,3.1,3.9,4,3.1,4.1,3.7,3.3,3,3.9,3.3,4,3.4,4.2,120.2
Ezgjan,Alioski,DEF,LEE,4400000,0,58,3.1,7.04545454545455E-07,1.31818181818182E-05,0,255019,3,24,0,0,0,2,0,13.2,4635,-1,0,58,1,0.2,0,1,6,0,5,0,0,2.3,373884,0,-1,0,2,1259,2208,0,0,251,Crystal Palace,Arsenal,Wolverhampton,Southampton,Aston Villa,3.4,3.9,6.3,2.9,3.8,2.4,3.7,2.8,4.2,3.3,2.8,3.3,2.3,3.2,2.6,3,61
,Alisson,GLK,LIV,5900000,0,71,3.7,6.27118644067797E-07,1.20338983050847E-05,0,1007244,1,19,0,38,0,0,0,12,9665,-1,0,71,1,0.5,0,2.8,6,0,5,0,0,6.4,428026,0,-1,1,1,1710,592,0,0,334,Man City,Leicester,Everton,Sheffield United,Fulham,5.2,4.4,2.9,3.6,4.4,4.5,3.6,4.7,4.2,3.8,3.4,4.4,3.7,4.5,3.8,4.7,37.5
,Allan,MID,EVE,5200000,0,21,1.05,2.01923076923077E-07,4.03846153846154E-06,0,166651,4,16,0,0,0,0,0,4,289,-3,0,21,3,0,0,0,0,0,2,0,0,0.6,81702,0,-1,0,0,1028,7,0,0,140,Man Utd,Fulham,Man City,Liverpool,Southampton,0,1,0.5,0.5,0.5,0.5,0.6,0.5,0.5,0.5,0.5,0.5,0.5,0.7,0.5,0.5,30.5
Bamidele,Alli,MID,TOT,7400000,0,4,0.19047619047619,2.57400257400257E-08,5.40540540540541E-07,0,249786,0,1,0,0,0,0,0,0.5,225,-6,0,4,6,0,0,0,0,0,0,0,0,0.5,21455,0,-1,0,0,74,28,0,0,13,West Brom,Man City,West Ham,Burnley,Crystal Palace,0,0,0,0,0,0.1,0.1,0.1,0.1,0.1,0,0.1,0.1,0.1,0.1,0.1,5.2
Miguel,Almiron,MID,NEW,5600000,15,68,3.2,5.71428571428571E-07,1.21428571428571E-05,0,93942,1,26,0,0,0,4,0,12.1,728,-4,0,68,4,0.8,0,4.7,7,0,3,0,1,0.4,50077,0,-1,0,1,1365,3392,0,0,269,Southampton,Chelsea,Man Utd,Wolverhampton,West Brom,3,2.6,2.3,3,3.3,2.1,2.9,2.2,3.3,2.5,2.1,2.4,2.7,2.2,4.1,3,95
Marcos,Alonso,DEF,CHE,5700000,1,23,1.04545454545455,1.8341307814992E-07,4.03508771929825E-06,0,208981,1,6,0,0,0,1,0,4,6629,-3,0,23,3,0.6,0,3.5,2,0,2,0,0,3.3,203410,0,-1,0,1,433,8113,0,0,95,Sheffield United,Newcastle,Southampton,Man Utd,Everton,0.5,0.5,0.5,0.5,0.5,0.5,0.6,0.6,0.5,0.5,0.6,0.6,0.8,0.6,0.5,0.6,26.1
Frederik,Alves,DEF,WHU,4000000,0,0,0,0,0,0,473,0,0,0,0,0,0,0,0,61,0,0,0,0,0,0,0,0,0,0,0,0,0,1185,0,-1,0,0,0,132,0,0,0,Fulham,Sheffield United,Tottenham,Man City,Leeds United F.C.,0,0,0,0,0,0,0,0,0,0,0,0,0,0,0,0,0
Steven,Alzate,MID,BHA,4300000,0,25,1.13636363636364,2.64270613107822E-07,5.81395348837209E-06,0,172495,1,13,0,0,0,1,0,5.8,1137,-2,0,25,2,0.4,0,1.8,3,0,3,0,0,0.6,180213,0,-1,0,1,610,444,0,0,106,Burnley,Aston Villa,Crystal Palace,West Brom,Leicester,0.7,0.6,0.6,0.7,0.6,0.6,0.6,0.6,0.6,0.6,0.8,0.6,0.6,0.6,0.6,0.6,28.8
Daniel,Amartey,DEF,LEI,3900000,0,4,0.181818181818182,4.66200466200466E-08,1.02564102564103E-06,0,126167,1,5,0,0,0,0,0,1,741,-1,0,4,1,0.1,0,0.2,0,0,0,0,0,0.9,79041,0,-1,0,0,278,438,0,0,44,Wolverhampton,Liverpool,Aston Villa,Arsenal,Brighton,0.1,0.1,0.1,0.1,0.1,0.1,0.1,0.1,0.1,0.1,0.1,0.1,0.1,0.1,0.1,0.1,5.1
Ethan,Ampadu,DEF,SHU,4300000,0,32,1.45454545454545,3.38266384778013E-07,7.44186046511628E-06,0,73693,1,23,0,0,0,0,0,7.4,1157,-2,0,32,2,0.6,0,2.5,3,0,1,0,0,0.5,45404,0,-1,0,1,1330,88,0,0,210,Chelsea,West Ham,Fulham,Liverpool,Southampton,0.8,1,1,1.2,0.9,1,1,0.8,1.1,1.1,0.9,0.8,1.3,0.8,0.7,0.9,47.9
Joachim,Andersen,DEF,FUL,4500000,6,44,2.8,6.22222222222222E-07,9.77777777777778E-06,0,3995,3,17,0,0,0,0,0,9.8,85,0,0,44,0,0.6,0,2.6,3,0,5,0,0,0.1,6213,0,-1,0,0,1411,506,0,1,254,West Ham,Everton,Burnley,Sheffield United,Crystal Palace,2.9,5.1,2.6,2.7,3.2,3.8,2,3.1,3.5,3.2,0,2.2,2.5,2,3,2.1,33.3
Elliot,Anderson,MID,NEW,4500000,0,1,0.0454545454545455,1.01010101010101E-08,2.22222222222222E-07,0,2099,0,0,0,0,0,0,0,0.2,31,0,0,1,0,0,0,0.1,0,0,0,0,0,0,2594,0,-1,0,0,3,34,0,0,3,Southampton,Chelsea,Man Utd,Wolverhampton,West Brom,0,0,0,0,0,0,0,0,0,0,0,0,0,0,0,0,0.2
Florin,Andone,FWD,BHA,4800000,0,0,0,0,0,0,30283,0,0,0,0,0,0,0,0,44,-2,0,0,2,0,0,0,0,0,0,0,0,0.1,12628,0,-1,0,0,0,47,0,0,0,Burnley,Aston Villa,Crystal Palace,West Brom,Leicester,0,0,0,0,0,0,0,0,0,0,0,0,0,0,0,0,0
,Andre Gomes,MID,EVE,5300000,2,27,1.35,2.54716981132075E-07,5.09433962264151E-06,0,41734,2,15,0,0,0,0,0,5.1,86,-2,0,27,2,0.4,0,2.2,0,0,2,0,1,0.2,22733,0,-1,0,0,867,221,0,0,124,Man Utd,Fulham,Man City,Liverpool,Southampton,0.7,1.4,0.7,0.7,0.7,0.7,0.9,0.7,0.8,0.7,0.8,0.7,0.7,1,0.7,0.7,29.8
,Anguissa,MID,FUL,4500000,1,53,2.4,5.33333333333333E-07,1.17777777777778E-05,0,378874,4,25,0,0,0,0,0,11.8,3612,0,0,53,0,0.5,0,2.3,4,0,4,0,3,1.7,426337,0,-1,0,0,1683,2443,0,0,294,West Ham,Everton,Burnley,Sheffield United,Crystal Palace,1.5,4.3,2.7,1.4,1.3,1.3,1.5,1.5,1.9,1.8,0,1.7,2.1,1.6,1.5,1.8,83.8
Faustino,Anjorin,MID,CHE,4500000,0,0,0,0,0,0,379,0,0,0,0,0,0,0,0,5,0,0,0,0,0,0,0,0,0,0,0,0,0,480,0,-1,0,0,0,11,0,0,0,Sheffield United,Newcastle,Southampton,Man Utd,Everton,0,0,0,0,0,0,0,0,0,0,0,0,0,0,0,0,0
Michail,Antonio,FWD,WHU,6700000,2,65,4.3,6.41791044776119E-07,9.70149253731343E-06,0,986741,1,14,0,0,0,5,0,9.7,61290,2,0,65,-2,0.9,0,5.8,11,0,4,0,3,22.4,2040174,0,-1,0,1,1066,25191,0,0,182,Fulham,Sheffield United,Tottenham,Man City,Leeds United F.C.,5.2,5.6,4.1,3.5,4.4,4.9,4.1,4.3,4,5.6,4.1,4.6,4.3,5.1,5.6,4.9,104.4
Alphonse,Areola,GLK,FUL,4500000,6,77,3.7,8.22222222222222E-07,1.71111111111111E-05,0,197891,0,28,0,77,0,0,0,17.1,2634,0,0,77,0,0.9,0,3.9,7,0,5,0,0,3.3,327563,0,-1,0,1,1890,9470,0,0,391,West Ham,Everton,Burnley,Sheffield United,Crystal Palace,4.4,7.7,3.9,4.1,4.7,5.1,3.1,4.6,5.1,4.7,0,3.5,3.8,3.2,4.5,3.3,56.5
Stuart,Armstrong,MID,SOU,5500000,0,65,3.6,6.54545454545455E-07,1.18181818181818E-05,0,106100,1,26,0,0,0,3,0,11.8,1821,0,0,65,0,0.5,0,2.6,3,0,7,0,2,0.3,97518,0,-1,0,1,1484,11,0,0,227,Newcastle,Wolverhampton,Chelsea,Leeds United F.C.,Everton,0,0,0,0,0,3.5,2.8,4.2,3.6,3.6,0,2.8,2.2,3.7,3.3,2.8,75.8
Kepa,Arrizabalaga,GLK,CHE,4700000,0,6,0.272727272727273,5.8027079303675E-08,1.27659574468085E-06,0,169765,0,6,0,8,0,0,0,1.3,190,-3,0,6,3,0,0,0,0,0,0,0,0,0.6,45206,0,-1,0,0,270,94,0,0,40,Sheffield United,Newcastle,Southampton,Man Utd,Everton,0.1,0.1,0.1,0.1,0.1,0.1,0.1,0.1,0.1,0.1,0.1,0.1,0.1,0.1,0.1,0.1,5
Christian,Atsu,MID,NEW,5200000,0,0,0,0,0,0,6088,0,0,0,0,0,0,0,0,7,-3,0,0,3,0,0,0,0,0,0,0,0,0,927,0,-1,0,0,0,0,0,0,0,Southampton,Chelsea,Man Utd,Wolverhampton,West Brom,0,0,0,0,0,0,0,0,0,0,0,0,0,0,0,0,0
Pierre-Emerick,Aubameyang,MID,ARS,11300000,1,73,3.8,3.36283185840708E-07,6.46017699115044E-06,0,3271532,2,16,0,0,0,5,0,6.5,4815,-7,0,73,7,0.3,0,3.3,6,0,7,0,1,6.5,579496,1,-1,0,1,1574,926,0,0,208,Aston Villa,Leeds United F.C.,Man City,Leicester,Burnley,3.3,3.1,2.7,3.7,4.4,2.7,3.6,2.6,5,3.5,3,4,3.7,3.6,3.1,3.3,105
Serge,Aurier,DEF,TOT,5200000,6,55,4.2,8.07692307692308E-07,1.05769230769231E-05,0,412795,0,13,0,0,0,2,0,10.6,3519,-3,0,55,3,0.6,0,3.2,2,0,4,0,1,1.7,263611,0,-1,0,0,1075,587,0,0,238,West Brom,Man City,West Ham,Burnley,Crystal Palace,0,5.6,5.6,4.4,5.4,5.8,4.2,4.3,4.6,4.7,0,4.5,4.8,5.7,4.7,5.5,60.4
Charlie,Austin,FWD,WBA,5100000,0,5,1,1.96078431372549E-07,9.80392156862745E-07,0,72242,0,5,0,0,0,0,0,1,90,-4,0,5,4,0,0,0,0,0,0,0,0,0.2,16185,0,-1,0,0,135,0,0,0,10,Tottenham,Man Utd,Burnley,Brighton,Newcastle,0,0,0,0,0,0,0,0,0,0,0,0,0,0,0,0,5
Jordan,Ayew,FWD,CRY,5600000,0,43,2.4,4.28571428571429E-07,7.67857142857143E-06,0,503300,1,21,0,0,0,1,0,7.7,1950,-4,0,43,4,0.4,0,2.2,2,0,3,0,3,1.6,167114,0,-1,0,0,1048,1866,0,0,122,Leeds United F.C.,Burnley,Brighton,Fulham,Tottenham,2,2.1,1.9,2.3,1.7,2.5,1.9,2,1.8,1.5,1.8,1.8,2,1.7,1.9,1.8,49.4
Luke,Ayling,DEF,LEE,4400000,0,47,2.2,5E-07,1.06818181818182E-05,0,432226,5,38,0,0,0,0,0,10.7,2396,-1,0,47,1,0.2,0,0.8,1,0,6,0,0,2.4,332297,0,-1,0,0,1869,1085,0,0,372,Crystal Palace,Arsenal,Wolverhampton,Southampton,Aston Villa,2,2.4,3.7,1.7,2.3,1.4,2.3,1.6,2.6,2,1.6,2,1.3,1.9,1.5,1.8,98.1
Cesar,Azpilicueta,DEF,CHE,5700000,2,60,2.72727272727273,4.78468899521531E-07,1.05263157894737E-05,0,457383,4,8,0,0,0,1,0,10.5,4248,-3,0,60,3,1,0,5.7,5,0,7,0,1,4.3,246942,0,-1,0,1,1040,10008,0,0,252,Sheffield United,Newcastle,Southampton,Man Utd,Everton,2.2,2.1,1.8,2.6,1.8,2.3,2.9,2.8,2.5,2.4,2.9,2.8,3.3,2.8,2.4,2.9,52.5
Eric,Bailly,DEF,MUN,4900000,0,19,0.863636363636364,1.76252319109462E-07,3.87755102040816E-06,0,72253,2,11,0,0,0,0,0,3.9,1734,-1,0,19,1,0.3,0,1.3,4,0,2,0,0,0.3,69969,0,-1,0,0,548,19,0,0,119,Everton,West Brom,Newcastle,Chelsea,Man City,0,0.5,0.4,0.4,0.6,0.4,0.4,0.4,0.4,0.4,0.4,0.5,0.5,0.4,0.4,0.5,15.2
Fabian,Balbuena,DEF,WHU,4300000,0,40,3.3,7.67441860465116E-07,9.30232558139535E-06,0,268842,1,16,0,0,0,1,0,9.3,1568,-2,0,40,2,0,0,0,0,0,4,0,0,0.8,298793,0,-1,0,0,1080,280,0,0,185,Fulham,Sheffield United,Tottenham,Man City,Leeds United F.C.,3.8,3.3,2.8,4.2,2.6,3.8,3.6,3.9,3.1,2.9,2.9,3.3,2.4,3.4,3.9,3.1,32.4
George,Baldock,DEF,SHU,4900000,0,29,1.5,3.06122448979592E-07,5.91836734693878E-06,0,307115,3,30,0,0,0,0,0,5.9,984,-6,0,29,6,0.1,0,0.7,0,0,0,0,1,0.9,49110,0,-1,0,0,1663,6,0,0,177,Chelsea,West Ham,Fulham,Liverpool,Southampton,0,0,1.1,1.3,0.9,1.1,1.1,0.8,1.1,1.1,0.9,0.9,1.3,0.8,0.8,1,58
Gareth,Bale,MID,TOT,9300000,0,17,0.80952380952381,8.70455709165387E-08,1.82795698924731E-06,0,156967,0,5,0,0,0,1,0,1.8,665,-2,0,17,2,0.1,0,0.5,3,0,1,0,0,0.3,161729,0,-1,0,0,229,115,0,0,45,West Brom,Man City,West Ham,Burnley,Crystal Palace,0.4,0.4,0.4,0.4,0.4,0.4,0.4,0.4,0.4,0.4,0,0.5,0.4,0.4,0.4,0.4,19.1
Patrick,Bamford,FWD,LEE,6700000,0,124,5.9,8.80597014925373E-07,1.85074626865672E-05,0,2778969,1,36,0,0,0,11,0,18.5,33760,12,0,124,-12,0.7,0,4.6,16,0,6,0,8,49.9,5934780,0,-1,0,3,1785,55696,0,0,405,Crystal Palace,Arsenal,Wolverhampton,Southampton,Aston Villa,7.9,7.8,14.4,5.6,7.2,6.1,8.3,7.6,6.2,7.2,6.3,8.2,6.1,7.6,7.3,7.2,169.7
Phil,Bardsley,DEF,BUR,4400000,0,1,0.0476190476190476,1.08225108225108E-08,2.27272727272727E-07,0,42087,2,8,0,0,0,0,0,0.2,103,-1,0,1,1,0,0,0,0,0,0,0,0,0.2,12368,0,-1,0,0,270,70,0,0,24,Brighton,Crystal Palace,Fulham,West Brom,Tottenham,0,0,0,0,0,0,0,0,0,0,0,0,0,0,0,0,5.1
Ross,Barkley,MID,AVL,5900000,3,53,2.65,4.49152542372881E-07,8.98305084745763E-06,0,478126,0,14,0,0,0,3,0,9,1520,-1,0,53,1,0.6,0,3.5,4,0,6,0,1,0.9,485925,0,-1,0,1,957,1075,0,0,183,Arsenal,Brighton,Leicester,Leeds United F.C.,Wolverhampton,1.7,2.3,1.4,2.4,2.1,2.3,3,2,1.6,1.5,2.2,2.5,1.3,1.7,2,1.9,91.4
Ashley,Barnes,FWD,BUR,6000000,2,37,2.3,3.83333333333333E-07,6.16666666666667E-06,0,46206,4,16,0,0,0,2,0,6.2,621,0,0,37,0,0.3,0,1.7,4,0,5,0,0,0.3,53763,0,-1,0,0,1110,9654,0,0,73,Brighton,Crystal Palace,Fulham,West Brom,Tottenham,1.8,4.1,2.1,1.8,1.6,2.1,1.5,1.6,2.2,1.8,1.6,1.5,2,1.7,2,2.1,69.9
Harvey,Barnes,MID,LEI,6900000,3,100,4.5,6.52173913043478E-07,1.44927536231884E-05,0,978616,0,21,0,0,0,7,0,14.5,33052,-1,0,100,1,0.8,0,5.8,8,0,7,0,3,8,1282331,0,-1,0,1,1714,14711,0,0,264,Wolverhampton,Liverpool,Aston Villa,Arsenal,Brighton,4.7,3.2,4.5,3.7,5.3,5.8,5.8,3.3,4.8,4.6,4.2,4.6,4.4,4.4,4.8,3.4,143.8
Kyle,Bartley,DEF,WBA,4400000,1,33,2.2,5E-07,7.5E-06,0,24274,2,31,0,0,0,2,0,7.5,147,-1,0,33,1,0.5,0,2.3,0,0,1,0,1,0.1,18636,0,-1,0,0,1239,114,0,0,203,Tottenham,Man Utd,Burnley,Brighton,Newcastle,1.8,1.8,1.8,1.6,1.4,1.9,1.2,1.5,1.6,2.1,2.2,2.4,2.3,2.1,2,1.8,51
Chris,Basham,DEF,SHU,4600000,0,37,1.6,3.47826086956522E-07,8.04347826086956E-06,0,137897,2,36,0,0,0,0,0,8,362,-4,0,37,4,0.4,0,1.8,2,0,0,0,1,0.6,38446,0,-1,0,0,1896,120,0,0,286,Chelsea,West Ham,Fulham,Liverpool,Southampton,1,1.2,1.2,1.4,1,1.2,1.2,0.9,1.3,1.2,1,1,1.5,0.9,0.8,1.1,67.1
Michy,Batshuayi,FWD,CRY,5700000,0,31,1.40909090909091,2.47208931419458E-07,5.43859649122807E-06,0,175632,0,11,0,0,0,1,0,5.4,544,-3,0,31,3,0.3,0,1.8,1,0,2,0,2,0.6,65265,0,-1,0,0,607,513,0,0,77,Leeds United F.C.,Burnley,Brighton,Fulham,Tottenham,0.8,0.9,0.8,1,0.7,1.1,0.8,0.8,0.8,0.7,0.7,0.7,0.8,0.7,0.8,0.8,37.4
Jan,Bednarek,DEF,SOU,4900000,0,76,3.5,7.14285714285714E-07,1.55102040816327E-05,0,893230,2,34,0,0,0,1,0,15.5,34980,4,0,76,-4,-0.1,0,-0.6,11,0,8,0,1,8.7,1329684,1,-1,0,2,1885,1418,0,1,402,Newcastle,Wolverhampton,Chelsea,Leeds United F.C.,Everton,2.8,5,6.7,3.1,3,3.7,3.3,3.8,3.9,4.6,0,3.7,4,4.3,3.1,3.9,60
Hector,Bellerin,DEF,ARS,5100000,2,73,3.6,7.05882352941176E-07,1.43137254901961E-05,0,977114,7,20,0,0,0,0,0,14.3,7194,1,0,73,-1,0.6,0,3.3,13,0,6,0,3,4.6,932172,0,-1,0,3,1730,1765,0,0,348,Aston Villa,Leeds United F.C.,Man City,Leicester,Burnley,4.5,2.8,4.9,4.4,3.9,3.1,4.6,4.3,3.6,4,2.6,3.4,3.9,3.4,4.1,3.3,76.2
Filip,Benkovic,DEF,LEI,4300000,0,0,0,0,0,0,4952,0,0,0,0,0,0,0,0,6,-2,0,0,2,0,0,0,0,0,0,0,0,0,296,0,-1,0,0,0,0,0,0,0,Wolverhampton,Liverpool,Aston Villa,Arsenal,Brighton,0,0,0,0,0,0,0,0,0,0,0,0,0,0,0,0,0
Ryan,Bennett,DEF,WOL,4400000,0,0,0,0,0,0,27877,0,0,0,0,0,0,0,0,37,-1,0,0,1,0,0,0,0,0,0,0,0,0.1,3905,0,-1,0,0,0,0,0,0,0,Leicester,Southampton,Leeds United F.C.,Newcastle,Aston Villa,0,0,0,0,0,0,0,0,0,0,0,0,0,0,0,0,0
Said,Benrahma,MID,WHU,6000000,1,34,1.54545454545455,2.57575757575758E-07,5.66666666666667E-06,0,48441,0,11,0,0,0,0,0,5.7,1089,0,0,34,0,0.4,0,2.5,0,0,2,0,3,0.2,60474,0,-1,0,0,838,613,0,0,122,Fulham,Sheffield United,Tottenham,Man City,Leeds United F.C.,0.9,1.4,0.8,0.8,0.8,0.8,0.8,0.8,0.8,0.9,0.8,1.1,0.8,0.9,1.1,0.9,59.9
Josh,Benson,MID,BUR,4500000,0,10,0.476190476190476,1.05820105820106E-07,2.22222222222222E-06,0,3382,0,7,0,0,0,0,0,2.2,47,0,0,10,0,0,0,0.1,0,0,1,0,0,0,3913,0,-1,0,0,260,41,0,0,27,Brighton,Crystal Palace,Fulham,West Brom,Tottenham,0.2,0.4,0.2,0.2,0.2,0.2,0.2,0.2,0.2,0.2,0.2,0.2,0.2,0.2,0.2,0.2,3.7
Christian,Benteke,FWD,CRY,5500000,0,40,2.7,4.90909090909091E-07,7.27272727272727E-06,0,119402,0,13,0,0,0,3,0,7.3,1975,0,0,40,0,0.2,0,1.3,3,0,1,0,2,0.6,136046,0,-1,0,1,703,757,0,1,104,Leeds United F.C.,Burnley,Brighton,Fulham,Tottenham,2.4,2.5,2.2,2.7,2.1,3,2.3,2.4,2.2,1.8,2.2,2.2,2.4,2,2.3,2.2,66.4
Sander,Berge,MID,SHU,4900000,0,29,2.2,4.48979591836735E-07,5.91836734693878E-06,0,30396,4,19,0,0,0,1,0,5.9,56,-1,0,29,1,0,0,0,1,0,0,0,1,0.1,23011,0,-1,0,0,1015,10,0,0,148,Chelsea,West Ham,Fulham,Liverpool,Southampton,0,0,0,0,0,0,1.2,1.6,1.4,1.3,1.6,1.3,1.6,1.7,1.5,2,47
Steven,Bergwijn,MID,TOT,7000000,1,39,1.85714285714286,2.6530612244898E-07,5.57142857142857E-06,0,104298,2,11,0,0,0,0,0,5.6,799,-5,0,39,5,0.3,0,2.3,0,0,5,0,3,0.4,31367,0,-1,0,0,1018,278,0,0,78,West Brom,Man City,West Ham,Burnley,Crystal Palace,1.2,0.9,1.1,1.3,1,1.2,1.1,1.3,0.9,1.4,0,1.8,1.4,1.2,0.9,1.2,34.1
Adrian,Bernabe,MID,MCI,4500000,0,0,0,0,0,0,1286,0,0,0,0,0,0,0,0,6,0,0,0,0,0,0,0,0,0,0,0,0,0,1279,0,-1,0,0,0,7,0,0,0,Liverpool,Tottenham,Everton,Arsenal,West Ham,0,0,0,0,0,0,0,0,0,0,0,0,0,0,0,0,0
,Bernard,MID,EVE,5700000,0,13,0.65,1.14035087719298E-07,2.28070175438596E-06,0,19322,2,4,0,0,0,1,0,2.3,86,-3,0,13,3,0,0,0,1,0,1,0,0,0.1,10868,0,-1,0,0,271,60,0,0,44,Man Utd,Fulham,Man City,Liverpool,Southampton,0.3,0.6,0.3,0.3,0.3,0.3,0.3,0.3,0.3,0.3,0.3,0.3,0.3,0.3,0.3,0.3,22.8
,Bernardo,DEF,BHA,3900000,0,5,1.7,4.35897435897436E-07,1.28205128205128E-06,0,814974,0,3,0,0,0,0,0,1.3,6013,-1,0,5,1,0.1,0,0.3,0,0,0,0,0,5.3,319447,0,-1,0,0,205,0,0,0,30,Burnley,Aston Villa,Crystal Palace,West Brom,Leicester,0,0,0,0,0,0,0,0,0,0,0,0,0,0,0,0,12.8
,Bernardo Silva,MID,MCI,7400000,5,50,2.38095238095238,3.21750321750322E-07,6.75675675675676E-06,0,124702,1,5,0,0,0,1,0,6.8,2251,-1,0,50,1,0.6,0,4.4,1,0,8,0,3,1,130435,0,-1,0,0,1210,5598,0,0,232,Liverpool,Tottenham,Everton,Arsenal,West Ham,1.2,3.3,1.6,1.7,1.3,1.7,2.1,1.5,1.7,1.3,0,1.2,1.8,1.7,1.7,1.7,73.9
Ryan,Bertrand,DEF,SOU,5000000,4,58,2.9,5.8E-07,1.16E-05,0,147916,5,32,0,0,0,0,0,11.6,655,0,0,58,0,0.2,0,0.8,2,0,7,0,1,0.8,99245,0,-1,0,0,1788,632,0,0,280,Newcastle,Wolverhampton,Chelsea,Leeds United F.C.,Everton,2.1,3.9,5,2.3,2.2,2.8,2.5,2.9,2.9,3.6,0,2.8,3,3.3,2.3,3,53
Marcus,Bettinelli,GLK,FUL,4300000,0,0,0,0,0,0,5412,0,0,0,0,0,0,0,0,5,-2,0,0,2,0,0,0,0,0,0,0,0,0,895,0,-1,0,0,0,0,0,0,0,West Ham,Everton,Burnley,Sheffield United,Crystal Palace,0,0,0,0,0,0,0,0,0,0,0,0,0,0,0,0,0
Yves,Bissouma,MID,BHA,4400000,2,44,2.1,4.77272727272727E-07,1E-05,0,506144,6,26,0,0,0,1,0,10,1900,-1,0,44,1,0.4,0,1.8,2,0,6,0,0,1.6,319719,0,-1,0,0,1762,1554,0,1,261,Burnley,Aston Villa,Crystal Palace,West Brom,Leicester,1.8,1,1.3,1.8,1,1.3,1.4,1.2,1.2,1.4,2.1,1.2,1.3,1.2,1,1.5,56.9
Jayden,Bogle,DEF,SHU,4300000,1,26,1.18181818181818,2.74841437632135E-07,6.04651162790698E-06,0,11156,1,11,0,0,0,2,0,6,191,-2,0,26,2,0.7,0,3.2,0,0,1,0,0,0.1,9967,0,-1,0,1,613,400,0,0,92,Chelsea,West Ham,Fulham,Liverpool,Southampton,0.6,0.7,0.7,0.9,0.6,0.7,0.7,0.6,0.8,0.7,0.6,0.6,0.9,0.6,0.6,0.7,38.7
Mateusz,Bogusz,MID,LEE,4300000,0,0,0,0,0,0,2939,0,0,0,0,0,0,0,0,12,-2,0,0,2,0,0,0,0,0,0,0,0,0,2836,0,-1,0,0,0,0,0,0,0,Crystal Palace,Arsenal,Wolverhampton,Southampton,Aston Villa,0,0,0,0,0,0,0,0,0,0,0,0,0,0,0,0,0
Willy,Boly,DEF,WOL,5400000,0,58,3.6,6.66666666666667E-07,1.07407407407407E-05,0,239976,1,21,0,0,0,1,0,10.7,2037,-1,0,58,1,0.7,0,3.7,4,0,5,0,1,1.4,156012,0,-1,0,0,1440,542,0,0,293,Leicester,Southampton,Leeds United F.C.,Newcastle,Aston Villa,0,2.7,3.3,2.9,4,4.7,4.3,4.5,4,4.1,4,4,3.8,3.4,3.2,4.2,48.8
Leo,Bonatini,FWD,WOL,4800000,0,0,0,0,0,0,27941,0,0,0,0,0,0,0,0,21,-2,0,0,2,0,0,0,0,0,0,0,0,0.1,8705,0,-1,0,0,0,0,0,0,0,Leicester,Southampton,Leeds United F.C.,Newcastle,Aston Villa,0,0,0,0,0,0,0,0,0,0,0,0,0,0,0,0,0
Sofiane,Boufal,MID,SOU,5400000,0,0,0,0,0,0,4741,0,0,0,0,0,0,0,0,6,-1,0,0,1,0,0,0,0,0,0,0,0,0,634,0,-1,0,0,0,0,0,0,0,Newcastle,Wolverhampton,Chelsea,Leeds United F.C.,Everton,0,0,0,0,0,0,0,0,0,0,0,0,0,0,0,0,0
Jarrod,Bowen,MID,WHU,6100000,1,87,3.8,6.22950819672131E-07,1.42622950819672E-05,0,679872,0,22,0,0,0,5,0,14.3,6693,-4,0,87,4,0.5,0,3.2,5,0,6,0,3,2.2,694600,0,-1,0,2,1676,1593,0,0,268,Fulham,Sheffield United,Tottenham,Man City,Leeds United F.C.,3.9,5.1,2.9,2.4,3.2,3.1,3.1,3.4,2.7,3.8,3.5,4.3,3.2,3.9,4.3,3.8,119.2
Robbie,Brady,MID,BUR,5000000,0,41,2.7,5.4E-07,8.2E-06,0,14449,2,5,0,0,0,1,0,8.2,203,0,0,41,0,0.3,0,1.6,3,0,7,0,1,0.1,12867,0,-1,0,0,958,19,0,0,147,Brighton,Crystal Palace,Fulham,West Brom,Tottenham,0,0,0,1.9,1.8,2.4,1.6,1.9,2.2,1.7,1.9,1.9,2.3,1.9,1.6,3,45.5
Jarrad,Branthwaite,DEF,EVE,3900000,0,0,0,0,0,0,310501,0,0,0,0,0,0,0,0,1327,-1,0,0,1,0,0,0,0,0,0,0,0,1.4,140402,0,-1,0,0,0,0,0,0,0,Man Utd,Fulham,Man City,Liverpool,Southampton,0,0,0,0,0,0,0,0,0,0,0,0,0,0,0,0,0
Claudio,Bravo,GLK,MCI,4500000,0,0,0,0,0,0,1769,0,0,0,0,0,0,0,0,7,0,0,0,0,0,0,0,0,0,0,0,0,0,451,0,-1,0,0,0,0,0,0,0,Liverpool,Tottenham,Everton,Arsenal,West Ham,0,0,0,0,0,0,0,0,0,0,0,0,0,0,0,0,0
James,Bree,DEF,AVL,4500000,0,0,0,0,0,0,10309,0,0,0,0,0,0,0,0,0,0,0,0,0,0,0,0,0,0,0,0,0,0,9840,0,-1,0,0,0,0,0,0,0,Arsenal,Brighton,Leicester,Leeds United F.C.,Wolverhampton,0,0,0,0,0,0,0,0,0,0,0,0,0,0,0,0,0
Rhian,Brewster,FWD,SHU,4500000,1,23,1.04545454545455,2.32323232323232E-07,5.11111111111111E-06,0,1166168,0,10,0,0,0,0,0,5.1,18487,0,0,23,0,0.2,0,1,0,0,1,0,0,6.6,1254108,0,-1,0,0,727,7424,0,0,54,Chelsea,West Ham,Fulham,Liverpool,Southampton,0.5,0.5,0.5,0.6,0.6,0.5,0.5,0.5,0.5,0.5,0.5,0.5,0.8,0.5,0.6,0.5,28.8
Josh,Brownhill,MID,BUR,4900000,0,41,2.3,4.69387755102041E-07,8.36734693877551E-06,0,8465,1,18,0,0,0,0,0,8.4,64,-1,0,41,1,0.2,0,1.1,0,0,7,0,0,0,7309,0,-1,0,0,1575,10,0,0,203,Brighton,Crystal Palace,Fulham,West Brom,Tottenham,0,0,1.8,1.5,1.4,1.9,1.2,1.4,1.7,1.3,1.5,1.5,1.8,1.5,1.2,2.3,57.4
Zak,Brunt,MID,SHU,4500000,0,0,0,0,0,0,12,0,0,0,0,0,0,0,0,10,0,0,0,0,0,0,0,0,0,0,0,0,0,46,0,-1,0,0,0,28,0,0,0,Chelsea,West Ham,Fulham,Liverpool,Southampton,0,0,0,0,0,0,0,0,0,0,0,0,0,0,0,0,0
Joe,Bryan,DEF,FUL,4600000,0,12,0.571428571428571,1.24223602484472E-07,2.60869565217391E-06,0,66194,2,13,0,0,0,0,0,2.6,162,-4,0,12,4,0.1,0,0.3,0,0,0,0,1,0.3,14960,0,-1,0,0,449,80,0,0,85,West Ham,Everton,Burnley,Sheffield United,Crystal Palace,0.3,0.6,0.3,0.3,0.3,0.3,0.3,0.3,0.3,0.3,0,0.3,0.3,0.3,0.3,0.3,17.5
Kean,Bryan,DEF,SHU,3900000,1,12,0.545454545454545,1.3986013986014E-07,3.07692307692308E-06,0,29475,0,5,0,0,0,1,0,3.1,561,-1,0,12,1,0.4,0,1.5,0,0,0,0,0,0.3,48476,0,-1,0,0,294,1159,0,0,51,Chelsea,West Ham,Fulham,Liverpool,Southampton,0.3,0.3,0.3,0.3,0.3,0.3,0.3,0.3,0.3,0.3,0.3,0.3,0.3,0.3,0.3,0.3,13.1
Hugo,Bueno,DEF,WOL,4000000,0,0,0,0,0,0,124,0,0,0,0,0,0,0,0,30,0,0,0,0,0,0,0,0,0,0,0,0,0,443,0,-1,0,0,0,86,0,0,0,Leicester,Southampton,Leeds United F.C.,Newcastle,Aston Villa,0,0,0,0,0,0,0,0,0,0,0,0,0,0,0,0,0
Oliver,Burke,MID,SHU,4200000,5,34,1.54545454545455,3.67965367965368E-07,8.09523809523809E-06,0,320080,2,14,0,0,0,1,0,8.1,4388,-3,0,34,3,0.7,0,2.8,0,0,1,0,2,1.7,362032,0,-1,0,0,899,6758,0,0,84,Chelsea,West Ham,Fulham,Liverpool,Southampton,0.9,0.8,0.8,0.8,1,0.8,0.8,0.9,0.8,0.8,0.9,0.8,0.9,0.9,0.8,1.1,54.5
Dan,Burn,DEF,BHA,4200000,2,29,1.31818181818182,3.13852813852814E-07,6.9047619047619E-06,0,53110,4,15,0,0,0,0,0,6.9,576,-3,0,29,3,0.6,0,2.7,0,0,3,0,0,0.4,29037,1,-1,0,0,1109,1434,0,0,143,Burnley,Aston Villa,Crystal Palace,West Brom,Leicester,0.8,0.8,1,1,0.7,0.7,0.7,1,0.7,0.7,0.7,0.7,1,0.9,1.3,1,28.4
Jack,Butland,GLK,CRY,4500000,0,0,0,0,0,0,3749,0,0,0,0,0,0,0,0,47,0,0,0,0,0,0,0,0,0,0,0,0,0,4912,0,-1,0,0,0,61,0,0,0,Leeds United F.C.,Burnley,Brighton,Fulham,Tottenham,0,0,0,0,0,0,0,0,0,0,0,0,0,0,0,0,0
David,Button,GLK,WBA,4000000,0,2,0.0909090909090909,2.27272727272727E-08,5E-07,0,237536,0,2,0,4,0,0,0,0.5,2737,0,0,2,0,0.1,0,0.3,0,0,0,0,0,4,200691,0,-1,0,0,90,1040,0,0,18,Tottenham,Man Utd,Burnley,Brighton,Newcastle,0,0,0,0,0,0,0,0,0,0,0,0,0,0,0,0,2.3
Oskar,Buur,DEF,WOL,3900000,0,1,1,2.56410256410256E-07,2.56410256410256E-07,0,279662,0,0,0,0,0,0,0,0.3,3038,-1,0,1,1,0,0,0,0,0,0,0,0,1.9,256762,0,-1,0,0,22,0,0,0,2,Leicester,Southampton,Leeds United F.C.,Newcastle,Aston Villa,0,0,0,0,0,0,0,0,0,0,0,0,0,0,0,0,0.1
Willy,Caballero,GLK,CHE,4700000,0,1,0.0454545454545455,9.67117988394584E-09,2.12765957446809E-07,0,21016,0,3,0,0,0,0,0,0.2,60,-3,0,1,3,0,0,0,0,0,0,0,0,0.2,5469,0,-1,0,0,90,23,0,0,7,Sheffield United,Newcastle,Southampton,Man Utd,Everton,0,0,0,0,0,0,0,0,0,0,0,0,0,0,0,0,0.4
Gary,Cahill,DEF,CRY,4500000,0,15,0.681818181818182,1.51515151515151E-07,3.33333333333333E-06,0,17139,0,20,0,0,0,1,0,3.3,213,0,0,15,0,0.3,0,1.5,0,0,0,0,0,0.1,17883,0,-1,0,0,720,677,0,0,110,Leeds United F.C.,Burnley,Brighton,Fulham,Tottenham,0.3,0.3,0.3,0.3,0.3,0.3,0.3,0.3,0.3,0.3,0.3,0.5,0.3,0.3,0.3,0.3,25.3
Moises,Caicedo,MID,BHA,5000000,0,0,0,0,0,0,9,0,0,0,0,0,0,0,0,4,0,0,0,0,0,0,0,0,0,0,0,0,0,85,0,-1,0,0,0,34,0,0,0,Burnley,Aston Villa,Crystal Palace,West Brom,Leicester,0,0,0,0,0,0,0,0,0,0,0,0,0,0,0,0,0
Jake,Cain,MID,LIV,4500000,0,0,0,0,0,0,249,0,0,0,0,0,0,0,0,8,0,0,0,0,0,0,0,0,0,0,0,0,0,335,0,-1,0,0,0,15,0,0,0,Man City,Leicester,Everton,Sheffield United,Fulham,0,0,0,0,0,0,0,0,0,0,0,0,0,0,0,0,0
Tom,Cairney,MID,FUL,5200000,0,27,1.28571428571429,2.47252747252747E-07,5.19230769230769E-06,0,26695,2,15,0,0,0,1,0,5.2,72,-3,0,27,3,0,0,0,2,0,1,0,1,0.1,10873,0,-1,0,0,758,5,0,0,160,West Ham,Everton,Burnley,Sheffield United,Crystal Palace,0,0,0,0,0,0.6,0.6,0.6,0.7,0.6,0,0.6,0.8,0.6,0.6,0.6,57.3
,Callum Robinson,FWD,WBA,5400000,0,52,2.5,4.62962962962963E-07,9.62962962962963E-06,0,195192,0,33,0,0,0,2,0,9.6,4121,-1,0,52,1,0.5,0,2.5,4,0,2,0,3,0.8,223893,0,-1,0,1,1178,1020,0,0,169,Tottenham,Man Utd,Burnley,Brighton,Newcastle,2.2,1.8,2.1,2,2.4,2.4,1.8,1.7,2.2,2.3,1.9,2.1,2.1,2.2,1.6,2.4,54.4
Dominic,Calvert-Lewin,FWD,EVE,7600000,12,120,6,7.89473684210526E-07,1.57894736842105E-05,0,4636953,3,26,0,0,0,13,0,15.8,13212,6,0,120,-6,0.7,0,5,16,0,5,0,5,41.6,6683469,0,-1,0,3,1763,267298,0,0,412,Man Utd,Fulham,Man City,Liverpool,Southampton,8.2,13.2,8.4,7.3,7.1,6.7,8.7,7.9,8.5,6.2,8,5.6,7.4,7.6,7.2,6.4,171.5
Leonardo,Campana,FWD,WOL,4800000,0,0,0,0,0,0,37508,0,0,0,0,0,0,0,0,259,-2,0,0,2,0,0,0,0,0,0,0,0,0.3,24880,0,-1,0,0,0,186,0,0,0,Leicester,Southampton,Leeds United F.C.,Newcastle,Aston Villa,0,0,0,0,0,0,0,0,0,0,0,0,0,0,0,0,0
Joao Pedro Cavaco,Cancelo,DEF,MCI,6000000,2,94,5.5,9.16666666666667E-07,1.56666666666667E-05,0,650019,3,7,0,0,0,1,0,15.7,19525,5,0,94,-5,0.9,0,5.6,13,0,10,0,2,21.3,2214899,0,-1,0,1,1432,34384,0,0,388,Liverpool,Tottenham,Everton,Arsenal,West Ham,6.9,12.8,7.2,7.6,7.4,7,8.1,7.2,6.1,7.2,0,6.5,6.7,5.7,6.6,5.8,103.5
Elia,Caprile,GLK,LEE,4000000,0,0,0,0,0,0,19800,0,0,0,0,0,0,0,0,206,0,0,0,0,0,0,0,0,0,0,0,0,0.3,33592,0,-1,0,0,0,58,0,0,0,Crystal Palace,Arsenal,Wolverhampton,Southampton,Aston Villa,0,0,0,0,0,0,0,0,0,0,0,0,0,0,0,0,0
,Carlos Vinicius,FWD,TOT,6900000,0,7,1.2,1.73913043478261E-07,1.01449275362319E-06,0,15115,0,1,0,0,0,0,0,1,2197,-1,0,7,1,0.1,0,0.8,0,0,0,0,0,0.2,22212,0,-1,0,0,160,256,0,0,14,West Brom,Man City,West Ham,Burnley,Crystal Palace,0.7,0.6,0.6,0.6,0.9,0.7,0.6,0.9,0.6,0.8,0,0.8,0.8,0.6,0.6,0.7,12.8
Andy,Carroll,FWD,NEW,5200000,0,25,1.13636363636364,2.18531468531469E-07,4.80769230769231E-06,0,90484,1,8,0,0,0,1,0,4.8,612,-3,0,25,3,0.1,0,0.7,3,0,1,0,1,0.3,71322,0,-1,0,0,360,227,0,0,67,Southampton,Chelsea,Man Utd,Wolverhampton,West Brom,0.6,0.6,0.6,0.6,0.7,0.6,0.6,0.6,0.6,0.6,0.6,0.6,0.6,0.6,0.8,0.6,27.1
Scott,Carson,GLK,MCI,4000000,0,0,0,0,0,0,2123,0,0,0,0,0,0,0,0,75,0,0,0,0,0,0,0,0,0,0,0,0,0,3499,0,-1,0,0,0,58,0,0,0,Liverpool,Tottenham,Everton,Arsenal,West Ham,0,0,0,0,0,0,0,0,0,0,0,0,0,0,0,0,0
Cameron,Carter-Vickers,DEF,TOT,3900000,0,0,0,0,0,0,32869,0,0,0,0,0,0,0,0,102,-1,0,0,1,0,0,0,0,0,0,0,0,0.2,18844,0,-1,0,0,0,0,0,0,0,West Brom,Man City,West Ham,Burnley,Crystal Palace,0,0,0,0,0,0,0,0,0,0,0,0,0,0,0,0,0
Oliver,Casey,DEF,LEE,3900000,0,0,0,0,0,0,103962,0,0,0,0,0,0,0,0,724,-1,0,0,1,0,0,0,0,0,0,0,0,1.1,109037,0,-1,0,0,0,166,0,0,0,Crystal Palace,Arsenal,Wolverhampton,Southampton,Aston Villa,0,0,0,0,0,0,0,0,0,0,0,0,0,0,0,0,0
Matthew,Cash,DEF,AVL,5000000,6,79,4,8E-07,1.58E-05,0,113394,5,24,0,0,0,0,0,15.8,1618,0,0,79,0,0.9,0,4.3,8,0,10,0,2,1.4,184024,0,-1,0,1,1762,4915,0,0,385,Arsenal,Brighton,Leicester,Leeds United F.C.,Wolverhampton,4.6,4.7,4,4.5,5.5,4,4.2,4.6,5.3,5.4,4.6,4.4,4.3,4.7,4.6,3.8,75.9
,Casilla,GLK,LEE,4200000,0,2,0.0952380952380952,2.26757369614512E-08,4.76190476190476E-07,0,132571,0,1,0,1,0,0,0,0.5,405,-3,0,2,3,0.1,0,0.4,0,0,0,0,0,0.9,29532,0,-1,0,0,90,187,0,0,12,Crystal Palace,Arsenal,Wolverhampton,Southampton,Aston Villa,0,0,0,0,0,0,0,0,0,0,0,0,0,0,0,0,0.8
Timothy,Castagne,DEF,LEI,5700000,0,54,4.2,7.36842105263158E-07,9.47368421052632E-06,0,1763306,1,13,0,0,0,1,0,9.5,8966,2,0,54,-2,0.4,0,2.5,4,0,4,0,3,4.1,1682265,0,-1,0,2,1085,31,0,0,233,Wolverhampton,Liverpool,Aston Villa,Arsenal,Brighton,0,0,5.7,4.7,5.2,4.3,5,5.5,5.7,4.7,5.2,4.2,3.7,5.6,4.5,3.7,48
,Cavaleiro,MID,FUL,5300000,3,55,2.8,5.28301886792453E-07,1.0377358490566E-05,0,27863,2,23,0,0,0,3,0,10.4,338,-2,0,55,2,0.6,1,3.4,4,0,4,0,0,0.2,27075,0,-1,0,1,1432,1900,0,0,136,West Ham,Everton,Burnley,Sheffield United,Crystal Palace,2,5.3,3.3,1.8,1.7,1.7,2,1.9,2.4,2.3,0,2.1,2.7,2,1.9,2.3,96.6
Edinson,Cavani,FWD,MUN,7900000,8,56,3.5,4.43037974683544E-07,7.08860759493671E-06,0,568084,1,8,0,0,0,6,0,7.1,7343,-1,0,56,1,0.5,0,3.7,6,0,3,0,2,4.3,864730,0,-1,0,1,754,43385,0,0,212,Everton,West Brom,Newcastle,Chelsea,Man City,3,4.4,3.9,3,2.7,2.8,4.1,3.3,3.7,3.2,4,3.5,3.3,2.8,3.5,3.2,72.5
,Ceballos,MID,ARS,4700000,0,33,2.1,4.46808510638298E-07,7.02127659574468E-06,0,240318,3,12,0,0,0,0,0,7,397,-3,0,33,3,0.1,0,0.5,3,0,4,0,1,0.7,139913,0,-1,0,0,1015,49,0,0,207,Aston Villa,Leeds United F.C.,Man City,Leicester,Burnley,1.3,1.1,1,1.4,1.8,1,1.4,1,2.2,1.3,1.1,1.6,1.5,1.4,1.2,1.2,54.3
,Cedric,DEF,ARS,4600000,2,23,1.04545454545455,2.27272727272727E-07,5E-06,0,40694,1,4,0,0,0,0,0,5,782,-4,0,23,4,0.8,0,3.7,3,0,2,0,1,0.3,21823,0,-1,0,0,429,469,0,0,88,Aston Villa,Leeds United F.C.,Man City,Leicester,Burnley,0.7,0.5,0.9,0.7,0.5,0.5,0.7,0.6,0.5,0.5,0.5,0.5,0.5,0.5,0.6,0.5,17.7
,Chamberlain,MID,LIV,6300000,0,9,0.409090909090909,6.49350649350649E-08,1.42857142857143E-06,0,6397,0,2,0,0,0,0,0,1.4,67,-2,0,9,2,0.1,0,0.5,0,0,0,0,1,0,4740,0,-1,0,0,170,47,0,0,25,Man City,Leicester,Everton,Sheffield United,Fulham,0.2,0.2,0.2,0.2,0.2,0.2,0.2,0.2,0.2,0.2,0.2,0.2,0.2,0.2,0.2,0.2,8.9
Calum,Chambers,DEF,ARS,4500000,0,0,0,0,0,0,2590,0,0,0,0,0,0,0,0,70,0,0,0,0,0,0,0,0,0,0,0,0,0,2395,0,-1,0,0,0,54,0,0,0,Aston Villa,Leeds United F.C.,Man City,Leicester,Burnley,0,0,0,0,0,0,0,0,0,0,0,0,0,0,0,0,0
Kgaogelo,Chauke,MID,SOU,4500000,0,0,0,0,0,0,118,0,0,0,0,0,0,0,0,8,0,0,0,0,0,0,0,0,0,0,0,0,0,165,0,-1,0,0,0,3,0,0,0,Newcastle,Wolverhampton,Chelsea,Leeds United F.C.,Everton,0,0,0,0,0,0,0,0,0,0,0,0,0,0,0,0,0
Benjamin,Chilwell,DEF,CHE,5900000,2,87,4.8,8.13559322033898E-07,1.47457627118644E-05,0,2579281,2,18,0,0,0,2,0,14.7,57054,4,1,87,-4,0.4,0,2.3,7,0,7,0,4,17.7,3629200,0,-1,0,1,1486,5203,-1,0,349,Sheffield United,Newcastle,Southampton,Man Utd,Everton,5.2,5.1,4.5,6,4.5,5.5,6.3,6.2,5.7,5.5,6.4,6.3,6,6.2,5.5,6.3,92.1
Tahith,Chong,MID,MUN,4400000,0,0,0,0,0,0,1458,0,0,0,0,0,0,0,0,2,-1,0,0,1,0,0,0,0,0,0,0,0,0,799,0,-1,0,0,0,0,0,0,0,Everton,West Brom,Newcastle,Chelsea,Man City,0,0,0,0,0,0,0,0,0,0,0,0,0,0,0,0,0
Hamza,Choudhury,MID,LEI,4700000,3,8,0.363636363636364,7.73694390715667E-08,1.70212765957447E-06,0,6736,1,1,0,0,0,0,0,1.7,20,-3,0,8,3,0.2,0,1,0,0,2,0,0,0.1,2944,0,-1,0,0,219,22,0,0,41,Wolverhampton,Liverpool,Aston Villa,Arsenal,Brighton,0.2,0.2,0.2,0.2,0.2,0.2,0.2,0.2,0.2,0.2,0.2,0.2,0.2,0.2,0.2,0.2,4.1
Andreas,Christensen,DEF,CHE,4700000,2,5,0.227272727272727,4.83558994197292E-08,1.06382978723404E-06,0,26115,1,11,0,0,0,0,0,1.1,119,-3,0,5,3,0.1,0,0.5,0,0,0,0,0,0.2,11242,0,-1,0,0,549,199,0,1,82,Sheffield United,Newcastle,Southampton,Man Utd,Everton,0.1,0.1,0.1,0.1,0.1,0.1,0.1,0.1,0.1,0.1,0.1,0.1,0.1,0.1,0.1,0.1,13.8
Cyrus,Christie,DEF,FUL,4200000,0,0,0,0,0,0,10142,0,0,0,0,0,0,0,0,5,-3,0,0,3,0,0,0,0,0,0,0,0,0,745,0,-1,0,0,0,0,0,0,0,West Ham,Everton,Burnley,Sheffield United,Crystal Palace,0,0,0,0,0,0,0,0,0,0,0,0,0,0,0,0,0
Ciaran,Clark,DEF,NEW,4500000,0,28,2.3,5.11111111111111E-07,6.22222222222222E-06,0,47920,2,19,0,0,0,1,0,6.2,747,0,0,28,0,0.2,0,0.7,0,0,2,0,0,0.2,55347,0,-1,0,0,1024,12,0,0,161,Southampton,Chelsea,Man Utd,Wolverhampton,West Brom,0,1.6,2.2,2.7,2.3,2,1.9,1.6,1.9,2.2,2.3,2.1,2.2,2.9,1.9,2.2,34.8
Matthew,Clarke,DEF,BHA,4400000,0,0,0,0,0,0,706,0,0,0,0,0,0,0,0,0,-1,0,0,1,0,0,0,0,0,0,0,0,0,339,0,-1,0,0,0,0,0,0,0,Burnley,Aston Villa,Crystal Palace,West Brom,Leicester,0,0,0,0,0,0,0,0,0,0,0,0,0,0,0,0,0
Leighton,Clarkson,MID,LIV,4500000,0,0,0,0,0,0,374,0,0,0,0,0,0,0,0,7,0,0,0,0,0,0,0,0,0,0,0,0,0,413,0,-1,0,0,0,11,0,0,0,Man City,Leicester,Everton,Sheffield United,Fulham,0,0,0,0,0,0,0,0,0,0,0,0,0,0,0,0,0
Nathaniel,Clyne,DEF,CRY,4500000,0,26,2.4,5.33333333333333E-07,5.77777777777778E-06,0,49108,2,17,0,0,0,0,0,5.8,242,0,0,26,0,0.3,0,1.2,0,0,2,0,1,0.2,57829,0,-1,0,0,965,300,0,0,153,Leeds United F.C.,Burnley,Brighton,Fulham,Tottenham,1.7,2.2,1.8,2.5,1.8,2.5,2.3,1.7,2,1.3,2.1,3.3,1.6,2.4,2.5,2.2,22.6
Conor,Coady,DEF,WOL,4800000,6,57,2.6,5.41666666666667E-07,1.1875E-05,0,700246,4,30,0,0,0,0,0,11.9,2698,-2,0,57,2,0.6,0,2.8,2,0,6,0,0,4.6,398668,0,-1,0,0,1953,1020,0,0,340,Leicester,Southampton,Leeds United F.C.,Newcastle,Aston Villa,2.3,1.5,2,1.7,2.5,3,2.9,2.9,2.5,2.5,2.5,2.5,2.4,2.1,1.9,2.6,42.1
Seamus,Coleman,DEF,EVE,4800000,0,23,1.15,2.39583333333333E-07,4.79166666666667E-06,0,245513,0,11,0,0,0,0,0,4.8,591,-2,0,23,2,0.1,0,0.6,1,0,1,0,1,0.6,202562,0,-1,0,0,663,209,0,0,135,Man Utd,Fulham,Man City,Liverpool,Southampton,0.8,1.5,0.9,0.6,0.6,0.6,0.9,0.7,0.7,0.6,0.9,0.6,0.9,0.6,0.8,1,27.1
Aaron,Connolly,FWD,BHA,5200000,2,34,2.4,4.61538461538462E-07,6.53846153846154E-06,0,104000,0,14,0,0,0,2,0,6.5,296,-3,0,34,3,0.1,0,0.7,2,0,1,0,1,0.3,79396,0,-1,0,0,655,429,0,0,84,Burnley,Aston Villa,Crystal Palace,West Brom,Leicester,1.9,1.4,2.6,2.5,1.5,1.8,2.3,2.1,1.7,1.6,2.3,1.7,1.8,1.5,1.5,2,41
Liam,Cooper,DEF,LEE,4300000,0,34,2.3,5.34883720930233E-07,7.90697674418605E-06,0,88820,3,30,0,0,0,1,0,7.9,318,-2,0,34,2,0.3,0,1.4,1,0,3,0,0,0.4,56682,0,-1,0,0,1331,280,0,0,301,Crystal Palace,Arsenal,Wolverhampton,Southampton,Aston Villa,2.2,2.6,4.1,1.8,2.5,1.5,2.4,1.7,2.8,2.1,1.8,2.1,1.4,2,1.6,1.9,55
Theo,Corbeanu,MID,WOL,4500000,0,0,0,0,0,0,237,0,0,0,0,0,0,0,0,11,0,0,0,0,0,0,0,0,0,0,0,0,0,286,0,-1,0,0,0,9,0,0,0,Leicester,Southampton,Leeds United F.C.,Newcastle,Aston Villa,0,0,0,0,0,0,0,0,0,0,0,0,0,0,0,0,0
Jack,Cork,MID,BUR,5000000,2,7,0.333333333333333,6.66666666666667E-08,1.4E-06,0,11212,0,6,0,0,0,0,0,1.4,26,0,0,7,0,0.2,0,1,0,0,0,0,0,0,10691,0,-1,0,0,295,58,0,0,27,Brighton,Crystal Palace,Fulham,West Brom,Tottenham,0.2,0.4,0.2,0.2,0.2,0.2,0.2,0.2,0.2,0.2,0.2,0.2,0.2,0.2,0.2,0.2,7.7
,Costa,MID,LEE,5000000,0,38,1.80952380952381,3.61904761904762E-07,7.6E-06,0,1039645,0,17,0,0,0,2,0,7.6,1254,-5,1,38,5,0.1,0,0.4,2,0,2,0,2,2.4,1052210,1,-1,0,1,690,130,-1,0,103,Crystal Palace,Arsenal,Wolverhampton,Southampton,Aston Villa,0.9,1.2,2.1,0.9,1.1,0.9,1.3,1.6,0.9,0.9,0.9,1.3,0.9,1.5,1.1,1.1,45.9
Vladimir,Coufal,DEF,WHU,4700000,6,74,3.9,8.29787234042553E-07,1.57446808510638E-05,0,315912,2,24,0,0,0,0,0,15.7,7219,2,0,74,-2,0.8,0,3.7,9,0,6,0,4,6.9,844310,0,-1,0,0,1704,6111,0,0,367,Fulham,Sheffield United,Tottenham,Man City,Leeds United F.C.,4.9,4.2,3.7,5,3.3,4.8,4.5,5,3.9,3.7,3.8,4.2,3.1,4.4,4.9,3.9,89.6
Aaron,Cresswell,DEF,WHU,5700000,9,106,4.6,8.07017543859649E-07,1.85964912280702E-05,0,749642,1,28,0,0,0,0,0,18.6,9050,7,0,106,-7,0.8,0,4.8,14,0,8,0,8,24.5,2496548,0,-1,0,2,2070,41829,0,0,490,Fulham,Sheffield United,Tottenham,Man City,Leeds United F.C.,6.1,5.4,4.7,5.9,4.3,6,5.7,5.9,5,4.8,4.8,5.4,4.1,5.5,6.1,5,105.9
Charlie,Cresswell,DEF,LEE,4000000,0,0,0,0,0,0,2938,0,0,0,0,0,0,0,0,175,0,0,0,0,0,0,0,0,0,0,0,0,0.1,6470,0,-1,0,0,0,309,0,0,0,Crystal Palace,Arsenal,Wolverhampton,Southampton,Aston Villa,0,0,0,0,0,0,0,0,0,0,0,0,0,0,0,0,0
Luke,Cundle,MID,WOL,4500000,0,0,0,0,0,0,634,0,0,0,0,0,0,0,0,32,0,0,0,0,0,0,0,0,0,0,0,0,0,967,0,-1,0,0,0,49,0,0,0,Leicester,Southampton,Leeds United F.C.,Newcastle,Aston Villa,0,0,0,0,0,0,0,0,0,0,0,0,0,0,0,0,0
Patrick,Cutrone,FWD,WOL,5900000,0,2,1,1.69491525423729E-07,3.38983050847458E-07,0,3205,0,0,0,0,0,0,0,0.3,46,-1,0,2,1,0.1,0,0.3,0,0,0,0,0,0,3443,0,-1,0,0,23,0,0,0,5,Leicester,Southampton,Leeds United F.C.,Newcastle,Aston Villa,0,0,0,0,0,0,0,0,0,0,0,0,0,0,0,0,0.2
Vontae,Daley-Campbell,DEF,LEI,4000000,0,0,0,0,0,0,22,0,0,0,0,0,0,0,0,17,0,0,0,0,0,0,0,0,0,0,0,0,0,98,0,-1,0,0,0,49,0,0,0,Wolverhampton,Liverpool,Aston Villa,Arsenal,Brighton,0,0,0,0,0,0,0,0,0,0,0,0,0,0,0,0,0
Stuart,Dallas,DEF,LEE,4800000,0,83,4,8.33333333333333E-07,1.72916666666667E-05,0,905080,4,37,0,0,0,4,0,17.3,13490,3,0,83,-3,0.5,0,2.4,5,0,6,0,2,14.2,1663830,0,-1,0,1,1880,12289,0,0,400,Crystal Palace,Arsenal,Wolverhampton,Southampton,Aston Villa,4.9,5.5,9.2,4.3,5.4,3.6,5.3,4.1,5.4,4.8,4.1,4.8,3.5,4.7,3.8,4.4,98.1
,Dalot,DEF,MUN,4800000,0,0,0,0,0,0,3584,0,0,0,0,0,0,0,0,6,-2,0,0,2,0,0,0,0,0,0,0,0,0,463,0,-1,0,0,0,0,0,0,0,Everton,West Brom,Newcastle,Chelsea,Man City,0,0,0,0,0,0,0,0,0,0,0,0,0,0,0,0,0
Scott,Dann,DEF,CRY,4300000,0,31,1.40909090909091,3.276955602537E-07,7.2093023255814E-06,0,123898,1,12,0,0,0,1,0,7.2,309,-2,0,31,2,0.3,0,1.3,1,0,2,0,0,0.5,99291,0,-1,0,0,900,383,0,0,168,Leeds United F.C.,Burnley,Brighton,Fulham,Tottenham,0.7,0.9,0.7,1.1,0.7,1.1,1,0.7,0.8,0.7,0.9,1.6,0.7,1,1.1,1,30.7
Karl,Darlow,GLK,NEW,5000000,1,76,3.3,6.6E-07,1.52E-05,0,264813,3,38,0,81,0,0,0,15.2,4417,0,0,76,0,0.4,0,2.1,6,0,4,0,0,1.9,343024,0,-1,1,0,2070,539,0,0,416,Southampton,Chelsea,Man Utd,Wolverhampton,West Brom,3.1,2.8,3.8,4.4,3.8,3.5,3.4,2.9,3.3,3.8,3.9,3.6,3.8,4.6,3.4,3.8,62.7
,David Luiz,DEF,ARS,5400000,0,25,1.13636363636364,2.1043771043771E-07,4.62962962962963E-06,0,101681,1,12,0,0,0,0,0,4.6,432,-1,0,25,1,0.5,0,2.7,0,0,3,0,0,0.7,50313,0,-1,0,0,886,323,0,1,138,Aston Villa,Leeds United F.C.,Man City,Leicester,Burnley,0.8,0.6,1,0.8,0.6,0.6,0.8,0.7,0.6,0.6,0.6,0.6,0.6,0.6,0.7,0.6,24.9
Ben,Davies,DEF,LIV,5000000,0,0,0,0,0,0,771,0,0,0,0,0,0,0,0,242,0,0,0,0,0,0,0,0,0,0,0,0,0,2936,0,-1,0,0,0,184,0,0,0,Man City,Leicester,Everton,Sheffield United,Fulham,0,0,0,0,0,0,0,0,0,0,0,0,0,0,0,0,0
Ben,Davies,DEF,TOT,4600000,6,45,2.6,5.65217391304348E-07,9.78260869565217E-06,0,225985,0,13,0,0,0,0,0,9.8,927,-4,0,45,4,0.5,0,2.2,1,0,3,0,2,0.8,105620,0,-1,0,0,1127,717,0,0,216,West Brom,Man City,West Ham,Burnley,Crystal Palace,2.4,3.2,2.9,2.1,2.7,3,2,2.1,2.2,2.3,0,2.2,2.4,3,2.3,2.8,39.2
Tom,Davies,MID,EVE,5200000,2,22,1.1,2.11538461538462E-07,4.23076923076923E-06,0,10614,1,9,0,0,0,0,0,4.2,48,-3,0,22,3,0.3,0,1.4,0,0,2,0,0,0.1,4735,0,-1,0,0,653,50,0,0,116,Man Utd,Fulham,Man City,Liverpool,Southampton,0.6,1.2,0.6,0.6,0.6,0.6,0.7,0.6,0.6,0.6,0.6,0.6,0.6,0.7,0.6,0.6,16
Keinan,Davis,FWD,AVL,4300000,0,5,1,2.32558139534884E-07,1.16279069767442E-06,0,1501564,0,0,0,0,0,0,0,1.2,17664,-2,0,5,2,0,0,0.2,0,0,0,0,0,8.5,1063907,0,-1,0,0,48,9589,0,0,15,Arsenal,Brighton,Leicester,Leeds United F.C.,Wolverhampton,0.5,0.5,0.5,0.6,0.5,0.6,0.6,0.5,0.5,0.5,0.5,0.6,0.5,0.6,0.5,0.5,7.7
Leif,Davis,DEF,LEE,3900000,0,2,0.0952380952380952,2.44200244200244E-08,5.12820512820513E-07,0,119760,0,0,0,0,0,0,0,0.5,732,-1,0,2,1,0,0,0,0,0,0,0,0,1.1,87052,0,-1,0,0,31,386,0,0,5,Crystal Palace,Arsenal,Wolverhampton,Southampton,Aston Villa,0,0,0,0,0,0,0,0,0,0,0,0,0,0,0,0,0.3
Craig,Dawson,DEF,WHU,4500000,6,44,2,4.44444444444444E-07,9.77777777777778E-06,0,16974,0,7,0,0,0,2,0,9.8,1162,0,0,44,0,1.2,0,5.3,2,0,4,0,0,0.8,75611,0,-1,0,1,720,4426,0,0,160,Fulham,Sheffield United,Tottenham,Man City,Leeds United F.C.,1.8,1.5,1.3,2.2,1.1,1.8,1.7,1.9,1.4,1.3,1.3,1.5,1,1.6,1.9,1.4,29.9
Kevin,De Bruyne,MID,MCI,11800000,0,95,5.6,4.74576271186441E-07,8.05084745762712E-06,0,5348786,1,11,0,0,0,3,0,8.1,10589,3,0,95,-3,0.2,1,2,12,0,9,0,10,10.3,4152567,0,-1,0,2,1405,453,0,0,368,Liverpool,Tottenham,Everton,Arsenal,West Ham,0,0,6,6.3,5.4,6.3,7.2,5.8,6.3,5.2,0,4.9,6.7,6.2,6.2,6.3,197.6
David,de Gea,GLK,MUN,5300000,1,73,3.5,6.60377358490566E-07,1.37735849056604E-05,0,355938,0,27,0,41,0,0,0,13.8,8791,-2,0,73,2,0.8,0,4.4,3,0,8,0,0,5.1,379234,0,-1,0,1,1845,3738,0,0,327,Everton,West Brom,Newcastle,Chelsea,Man City,2.5,4.3,2.9,3.3,4.6,3.9,3.9,3.2,3.8,3.4,3.7,4.1,4.3,3.2,3.8,4.4,33.8
Bobby,Decordova-Reid,FWD,FUL,5300000,2,59,3,5.66037735849057E-07,1.11320754716981E-05,0,144844,5,16,0,0,0,5,0,11.1,3388,-2,0,59,2,0.4,0,2.1,6,0,6,0,1,1,202572,0,-1,0,1,1360,6687,0,0,249,West Ham,Everton,Burnley,Sheffield United,Crystal Palace,2.3,5.9,3.4,3.2,3,2.3,2.5,2.5,2.9,2.8,0,2.3,2.6,2.5,2.9,3.3,74.9
Liam,Delap,FWD,MCI,4400000,0,1,0.0476190476190476,1.08225108225108E-08,2.27272727272727E-07,0,205287,0,4,0,0,0,0,0,0.2,2940,-1,0,1,1,0,0,0,0,0,0,0,0,0.9,244486,0,-1,0,0,39,999,0,0,0,Liverpool,Tottenham,Everton,Arsenal,West Ham,0,0,0,0,0,0,0,0,0,0,0,0,0,0,0,0,0.2
Fabian,Delph,MID,EVE,4800000,0,6,0.3,6.25E-08,1.25E-06,0,4989,0,5,0,0,0,0,0,1.2,23,-2,0,6,2,0,0,0,0,0,0,0,0,0,2340,0,-1,0,0,211,19,0,0,38,Man Utd,Fulham,Man City,Liverpool,Southampton,0.2,0.4,0.2,0.2,0.2,0.2,0.2,0.2,0.2,0.2,0.2,0.2,0.2,0.2,0.2,0.2,4.6
Leander,Dendoncker,MID,WOL,4600000,3,43,1.95454545454545,4.24901185770751E-07,9.34782608695652E-06,0,183242,3,15,0,0,0,0,0,9.3,416,-4,0,43,4,0.4,0,2,0,0,7,0,2,0.5,63257,0,-1,0,0,1412,402,0,0,147,Leicester,Southampton,Leeds United F.C.,Newcastle,Aston Villa,1,1,1.2,1.2,1,1,1,1.2,1.2,2.2,1.7,1.4,1.3,1,1.3,1,67.7
Alfie,Devine,MID,TOT,4500000,0,0,0,0,0,0,34,0,0,0,0,0,0,0,0,14,0,0,0,0,0,0,0,0,0,0,0,0,0,113,0,-1,0,0,0,46,0,0,0,West Brom,Man City,West Ham,Burnley,Crystal Palace,0,0,0,0,0,0,0,0,0,0,0,0,0,0,0,0,0
Cheikh,Diaby,FWD,WBA,4500000,0,0,0,0,0,0,5234,0,0,0,0,0,0,0,0,291,0,0,0,0,0,0,0,0,0,0,0,0,0.1,8855,0,-1,0,0,0,301,0,0,0,Tottenham,Man Utd,Burnley,Brighton,Newcastle,0,0,0,0,0,0,0,0,0,0,0,0,0,0,0,0,0
Mbaye,Diagne,FWD,WBA,6000000,2,11,0.5,8.33333333333333E-08,1.83333333333333E-06,0,4264,0,4,0,0,0,0,0,1.8,1077,0,0,11,0,0.6,0,3.7,0,0,0,0,2,0.1,14170,0,-1,0,0,202,844,0,0,23,Tottenham,Man Utd,Burnley,Brighton,Newcastle,0.2,0.2,0.2,0.2,0.2,0.2,0.2,0.2,0.2,0.2,0.2,0.2,0.2,0.2,0.2,0.2,11.4
Amad,Diallo,MID,MUN,5500000,0,0,0,0,0,0,818,0,0,0,0,0,0,0,0,83,0,0,0,0,0,0,0,0,0,0,0,0,0,1361,0,-1,0,0,0,72,0,0,0,Everton,West Brom,Newcastle,Chelsea,Man City,0,0,0,0,0,0,0,0,0,0,0,0,0,0,0,0,0
Ibrahima,Diallo,MID,SOU,4500000,0,15,0.714285714285714,1.58730158730159E-07,3.33333333333333E-06,0,4376,2,8,0,0,0,0,0,3.3,111,0,0,15,0,0.2,0,0.8,0,0,2,0,0,0,5292,0,-1,0,0,438,6,0,0,57,Newcastle,Wolverhampton,Chelsea,Leeds United F.C.,Everton,0,0,0,0,0,0.4,0.4,0.4,0.4,0.4,0,0.4,0.4,0.4,0.4,0.4,12.3
Grady,Diangana,MID,WBA,5000000,0,33,1.5,3E-07,6.6E-06,0,76100,0,28,0,0,0,1,0,6.6,111,-5,0,33,5,0,0,0,0,0,1,0,0,0.2,45200,0,-1,0,0,1068,15,0,0,95,Tottenham,Man Utd,Burnley,Brighton,Newcastle,0.8,0.8,1,0.8,0.8,0.8,0.8,0.8,0.8,0.8,0.8,0.9,0.8,0.8,0.8,0.9,39.2
,Dias,DEF,MCI,6100000,1,98,4.9,8.0327868852459E-07,1.60655737704918E-05,0,399667,3,8,0,0,0,0,0,16.1,14497,6,0,98,-6,1.1,0,6.6,9,0,13,0,1,22.3,2081548,1,-1,0,1,1779,69670,0,0,434,Liverpool,Tottenham,Everton,Arsenal,West Ham,6.2,10.8,6.5,6.8,6.3,6.2,7.2,6.1,5.2,6.3,0,5.6,5.7,4.8,5.6,4.9,58.6
Eric,Dier,DEF,TOT,4900000,0,58,3.1,6.3265306122449E-07,1.18367346938776E-05,0,502313,1,18,0,0,0,0,0,11.8,18977,-1,1,58,1,0.2,0,1.2,1,0,6,0,0,3.9,647185,0,-1,0,0,1710,876,-1,0,314,West Brom,Man City,West Ham,Burnley,Crystal Palace,3.1,4.1,3.7,2.8,3.5,3.8,2.6,2.7,2.9,3,0,2.9,3.1,3.9,3,3.6,51.4
Lucas,Digne,DEF,EVE,6100000,1,48,3.7,6.0655737704918E-07,7.86885245901639E-06,0,1713457,0,22,0,0,0,0,0,7.9,3852,1,0,48,-1,0.5,0,2.8,8,0,1,0,7,6.9,1482778,0,-1,0,1,1151,28668,0,1,253,Man Utd,Fulham,Man City,Liverpool,Southampton,4.8,8.7,4.9,3.3,3.7,3.4,4.8,4.3,4.4,3,5,3.7,4.9,3.5,4.7,5,71.4
Issa,Diop,DEF,WHU,4300000,0,4,0.181818181818182,4.22832980972516E-08,9.30232558139535E-07,0,97658,1,5,0,0,0,0,0,0.9,252,-2,0,4,2,0,0,0,0,0,0,0,0,0.4,15942,0,-1,0,0,297,135,0,0,40,Fulham,Sheffield United,Tottenham,Man City,Leeds United F.C.,0.1,0.1,0.1,0.1,0.1,0.1,0.1,0.1,0.1,0.1,0.1,0.1,0.1,0.1,0.1,0.1,6.7
Moussa,Djenepo,MID,SOU,5400000,0,33,1.57142857142857,2.91005291005291E-07,6.11111111111111E-06,0,22173,3,15,0,0,0,1,0,6.1,56,-1,0,33,1,0.1,0,0.6,0,0,3,0,2,0.1,17612,0,-1,0,0,802,29,0,0,96,Newcastle,Wolverhampton,Chelsea,Leeds United F.C.,Everton,0.8,1.1,1.8,0.9,1.2,0.9,0.8,1.2,1,1,0,0.8,0.8,1,0.8,0.8,31.6
Matt,Doherty,DEF,TOT,5600000,1,31,1.47619047619048,2.63605442176871E-07,5.53571428571429E-06,0,1490888,1,9,0,0,0,0,0,5.5,1890,-4,0,31,4,0.1,0,0.3,3,0,3,0,1,4.3,211739,0,-1,0,1,817,423,0,1,129,West Brom,Man City,West Ham,Burnley,Crystal Palace,1,1.4,1.2,0.8,1.1,1.3,0.8,0.8,0.9,0.9,0,0.9,0.9,1.3,0.9,1.2,29
Abdoulaye,Doucoure,MID,EVE,5200000,10,59,3,5.76923076923077E-07,1.13461538461538E-05,0,238107,5,27,0,0,0,2,0,11.3,596,-3,0,59,3,0.6,0,3,2,0,4,0,3,0.8,122288,0,-1,0,2,1708,9577,0,0,328,Man Utd,Fulham,Man City,Liverpool,Southampton,2.3,3.8,2.1,2.3,2.6,2.7,3.3,2.2,2.9,1.7,2.8,1.6,2.6,3.4,2.4,1.8,84.7
Barry,Douglas,DEF,LEE,3800000,0,0,0,0,0,0,978467,0,0,0,0,0,0,0,0,2419,-2,0,0,2,0,0,0,0,0,0,0,0,3.6,252878,0,-1,0,0,0,0,0,0,0,Crystal Palace,Arsenal,Wolverhampton,Southampton,Aston Villa,0,0,0,0,0,0,0,0,0,0,0,0,0,0,0,0,0
,Douglas Luiz,MID,AVL,4900000,0,47,2.5,5.10204081632653E-07,9.59183673469388E-06,0,41996,3,23,0,0,0,0,0,9.6,367,-1,0,47,1,0.5,0,2.3,0,0,9,0,2,0.2,27553,0,-1,0,0,1660,131,0,1,216,Arsenal,Brighton,Leicester,Leeds United F.C.,Wolverhampton,1.5,2.1,1.3,2.2,1.9,2.1,2.8,1.8,1.5,1.3,2,2.3,1.2,1.5,1.8,1.7,55
Tommy,Doyle,MID,MCI,4400000,0,0,0,0,0,0,10297,0,0,0,0,0,0,0,0,57,-1,0,0,1,0,0,0,0,0,0,0,0,0.1,6831,0,-1,0,0,0,21,0,0,0,Liverpool,Tottenham,Everton,Arsenal,West Ham,0,0,0,0,0,0,0,0,0,0,0,0,0,0,0,0,0
Anthony,Driscoll-Glennon,DEF,BUR,4000000,0,0,0,0,0,0,6822,0,0,0,0,0,0,0,0,98,0,0,0,0,0,0,0,0,0,0,0,0,0.1,7147,0,-1,0,0,0,87,0,0,0,Brighton,Crystal Palace,Fulham,West Brom,Tottenham,0,0,0,0,0,0,0,0,0,0,0,0,0,0,0,0,0
Martin,Dubravka,GLK,NEW,4800000,0,0,0,0,0,0,24748,0,0,0,0,0,0,0,0,215,-2,0,0,2,0,0,0,0,0,0,0,0,0.2,8720,0,-1,0,0,0,137,0,0,0,Southampton,Chelsea,Man Utd,Wolverhampton,West Brom,0,0,0,0,0,0,0,0,0,0,0,0,0,0,0,0,0
Shane,Duffy,DEF,BHA,4300000,0,0,0,0,0,0,5450,0,0,0,0,0,0,0,0,7,-2,0,0,2,0,0,0,0,0,0,0,0,0,662,0,-1,0,0,0,0,0,0,0,Burnley,Aston Villa,Crystal Palace,West Brom,Leicester,0,0,0,0,0,0,0,0,0,0,0,0,0,0,0,0,0
Paul,Dummett,DEF,NEW,4400000,1,5,0.227272727272727,5.16528925619835E-08,1.13636363636364E-06,0,2324,0,2,0,0,0,0,0,1.1,13,-1,0,5,1,0.1,0,0.4,0,0,0,0,0,0,1269,0,-1,0,0,174,26,0,0,21,Southampton,Chelsea,Man Utd,Wolverhampton,West Brom,0.1,0.1,0.1,0.1,0.1,0.1,0.1,0.1,0.1,0.1,0.1,0.1,0.1,0.1,0.1,0.1,3
Lewis,Dunk,DEF,BHA,4800000,9,74,3.7,7.70833333333333E-07,1.54166666666667E-05,0,528807,4,27,0,0,0,3,0,15.4,2295,-2,0,74,2,1.4,0,6.5,9,0,6,0,0,3.3,198087,1,-1,0,2,1800,16369,0,1,363,Burnley,Aston Villa,Crystal Palace,West Brom,Leicester,4,4,4.6,4.6,3.6,3.2,3.2,4.6,2.8,3.5,3.7,3,4.7,4.3,5.1,4.8,78.6
Jimmy,Dunne,DEF,BUR,3800000,0,8,0.380952380952381,1.00250626566416E-07,2.10526315789474E-06,0,722980,0,5,0,0,0,1,0,2.1,5375,-2,0,8,2,0,0,0,0,0,0,0,0,4.4,941522,0,-1,0,0,180,5982,0,0,35,Brighton,Crystal Palace,Fulham,West Brom,Tottenham,0.2,0.4,0.2,0.2,0.2,0.2,0.2,0.2,0.2,0.2,0.2,0.2,0.2,0.2,0.2,0.2,12.6
,Ederson,GLK,MCI,6100000,2,95,4.5,7.37704918032787E-07,1.55737704918033E-05,0,496269,2,13,0,34,0,0,0,15.6,9874,1,0,95,-1,0.9,0,5.4,1,0,13,0,0,8.6,700199,0,-1,0,0,1890,18195,0,0,394,Liverpool,Tottenham,Everton,Arsenal,West Ham,5.7,9.5,5.8,6.1,5.6,5.5,6.6,5.5,4.6,5.6,0,5,5.1,4.2,5,4.3,29.7
Kyle,Edwards,MID,WBA,4700000,0,5,0.227272727272727,4.83558994197292E-08,1.06382978723404E-06,0,2746,0,3,0,0,0,0,0,1.1,9,-3,0,5,3,0,0,0,0,0,0,0,0,0,951,0,-1,0,0,114,7,0,0,15,Tottenham,Man Utd,Burnley,Brighton,Newcastle,0.1,0.1,0.1,0.1,0.1,0.1,0.1,0.1,0.1,0.1,0.1,0.1,0.1,0.1,0.1,0.1,6.4
John,Egan,DEF,SHU,4700000,1,31,1.5,3.19148936170213E-07,6.59574468085106E-06,0,935481,6,35,0,0,0,0,0,6.6,535,-3,0,31,3,0.6,0,2.7,3,0,1,0,1,1.9,39157,0,-1,0,0,1811,130,0,1,254,Chelsea,West Ham,Fulham,Liverpool,Southampton,0.9,1.1,1.1,1.3,0.9,1.1,1.1,0.8,1.1,1.1,0.9,0.9,1.3,0.8,0.8,1,45.8
Anwar,El Ghazi,MID,AVL,5500000,0,51,2.55,4.63636363636364E-07,9.27272727272727E-06,0,446263,1,5,0,0,0,5,0,9.3,6865,-5,0,51,5,0.1,0,0.7,6,0,3,0,0,1.2,506626,0,-1,0,1,562,256,0,0,167,Arsenal,Brighton,Leicester,Leeds United F.C.,Wolverhampton,1.6,2.2,1.3,2.3,2,2.2,2.8,1.9,1.5,1.4,2,2.4,1.3,1.6,1.9,1.8,80.6
Ahmed,El Mohamady,DEF,AVL,4300000,0,12,0.6,1.3953488372093E-07,2.7906976744186E-06,0,42316,0,0,0,0,0,0,0,2.8,272,-2,0,12,2,0,0,0,2,0,1,0,0,0.3,25890,0,-1,0,1,129,58,0,0,43,Arsenal,Brighton,Leicester,Leeds United F.C.,Wolverhampton,0.3,0.3,0.3,0.3,0.3,0.3,0.3,0.3,0.3,0.3,0.3,0.3,0.3,0.3,0.3,0.3,12.2
Harvey,Elliott,MID,LIV,4300000,0,0,0,0,0,0,20162,0,0,0,0,0,0,0,0,53,-2,0,0,2,0,0,0,0,0,0,0,0,0.1,12394,0,-1,0,0,0,0,0,0,0,Man City,Leicester,Everton,Sheffield United,Fulham,0,0,0,0,0,0,0,0,0,0,0,0,0,0,0,0,0
,Elneny,MID,ARS,4200000,0,23,1.04545454545455,2.48917748917749E-07,5.47619047619048E-06,0,257552,2,12,0,0,0,0,0,5.5,1596,-3,1,23,3,0.1,0,0.3,0,0,3,0,0,1,260898,0,-1,0,0,908,2107,-1,0,140,Aston Villa,Leeds United F.C.,Man City,Leicester,Burnley,0.5,0.5,0.5,0.5,0.6,0.5,0.5,0.5,0.7,0.5,0.5,0.5,0.5,0.5,0.5,0.5,20.8
,Emerson,DEF,CHE,4700000,0,7,0.318181818181818,6.76982591876209E-08,1.48936170212766E-06,0,18079,0,0,0,0,0,0,0,1.5,81,-3,0,7,3,0,0,0,0,0,1,0,0,0.1,9189,0,-1,0,0,88,38,0,0,24,Sheffield United,Newcastle,Southampton,Man Utd,Everton,0.2,0.2,0.2,0.2,0.2,0.2,0.2,0.2,0.2,0.2,0.2,0.2,0.2,0.2,0.2,0.2,2.7
Bjorn,Engels,DEF,AVL,4400000,0,0,0,0,0,0,18709,0,0,0,0,0,0,0,0,37,-1,0,0,1,0,0,0,0,0,0,0,0,0.1,11556,0,-1,0,0,0,33,0,0,0,Arsenal,Brighton,Leicester,Leeds United F.C.,Wolverhampton,0,0,0,0,0,0,0,0,0,0,0,0,0,0,0,0,0
Jonny,Evans,DEF,LEI,5500000,6,67,3.5,6.36363636363636E-07,1.21818181818182E-05,0,56936,6,19,0,0,0,0,0,12.2,1417,0,0,67,0,0.9,0,5,7,0,8,0,1,0.8,93832,1,-1,0,0,1685,1963,0,0,351,Wolverhampton,Liverpool,Aston Villa,Arsenal,Brighton,4.5,4,4.5,3.6,4,3.3,3.9,4.6,4.5,3.6,4,3.1,2.7,4.4,3.4,2.8,43.1
Eberechi,Eze,MID,CRY,5800000,0,72,3.6,6.20689655172414E-07,1.24137931034483E-05,0,158875,2,31,0,0,0,3,0,12.4,3206,-2,0,72,2,0.7,0,4.2,10,0,2,0,4,1.3,208251,0,-1,0,2,1408,10342,0,0,278,Leeds United F.C.,Burnley,Brighton,Fulham,Tottenham,3.3,4.3,3.1,3.8,2.7,4,2.7,3.4,3.6,2.6,2.8,2.9,4.1,2.8,3.2,2.2,92.3
Lukasz,Fabianski,GLK,WHU,5100000,6,89,4,7.84313725490196E-07,1.74509803921569E-05,0,385412,2,28,0,60,0,0,0,17.5,4680,1,0,89,-1,0.6,0,3,9,0,7,0,0,3.9,503074,0,-1,1,1,1980,2953,0,0,402,Fulham,Sheffield United,Tottenham,Man City,Leeds United F.C.,5,4.4,3.8,5.1,3.5,5,4.7,5.1,4.1,3.9,3.9,4.4,3.3,4.5,5.1,4.1,44.1
,Fabinho,MID,LIV,5400000,1,41,1.86363636363636,3.45117845117845E-07,7.59259259259259E-06,0,175847,5,22,0,0,0,0,0,7.6,578,-1,0,41,1,0.1,0,0.7,2,0,6,0,1,0.8,104794,0,-1,0,0,1562,112,0,0,270,Man City,Leicester,Everton,Sheffield United,Fulham,0.9,1.1,1,1.7,1.2,1,1.1,1.1,0.9,1.3,1.2,0.9,1.3,1.4,1.4,1.2,39.7
,Fabio Silva,FWD,WOL,5200000,1,32,1.9,3.65384615384615E-07,6.15384615384615E-06,0,230495,2,18,0,0,0,2,0,6.2,4653,-3,0,32,3,0.3,0,1.8,2,0,0,0,0,1.2,214865,0,-1,0,0,730,1345,0,0,85,Leicester,Southampton,Leeds United F.C.,Newcastle,Aston Villa,1.2,1,1.3,1.5,1,1.6,1,1.2,1.3,1.9,1.4,1.5,1.5,1.2,1.4,1.3,51.4
,Fabri,GLK,FUL,3900000,0,0,0,0,0,0,81624,0,0,0,0,0,0,0,0,892,-1,1,0,1,0,0,0,0,0,0,0,0,1.5,54203,0,-1,0,0,0,5790,-1,0,0,West Ham,Everton,Burnley,Sheffield United,Crystal Palace,0,0,0,0,0,0,0,0,0,0,0,0,0,0,0,0,0
,Felipe Anderson,MID,WHU,6100000,0,2,1,1.63934426229508E-07,3.27868852459016E-07,0,35171,0,0,0,0,0,0,0,0.3,15,-4,0,2,4,0,0,0,0,0,0,0,0,0.1,4675,0,-1,0,0,2,0,0,0,8,Fulham,Sheffield United,Tottenham,Man City,Leeds United F.C.,0,0,0,0,0,0,0,0,0,0,0,0,0,0,0,0,0.5
Nathan,Ferguson,DEF,CRY,3800000,0,0,0,0,0,0,120859,0,0,0,0,0,0,0,0,696,-2,0,0,2,0,0,0,0,0,0,0,0,0.5,45004,0,-1,0,0,0,1259,0,0,0,Leeds United F.C.,Burnley,Brighton,Fulham,Tottenham,0,0,0,0,0,0,0,0,0,0,0,0,0,0,0,0,0
,Fernandes,MID,MUN,11500000,7,169,7.3,6.34782608695652E-07,1.4695652173913E-05,0,1981454,4,25,0,0,0,13,0,14.7,6747,10,0,169,-10,0.5,1,5.6,25,0,8,0,11,59.1,5165404,0,-1,0,7,1925,40030,0,0,605,Everton,West Brom,Newcastle,Chelsea,Man City,8.2,10.3,9.2,9.2,7.2,8.3,8.3,8.7,9.2,9.4,10.2,7.3,8.7,7.2,9.1,9.1,272.1
,Fernandes,MID,TOT,4700000,0,0,0,0,0,0,7973,0,0,0,0,0,0,0,0,65,-3,0,0,3,0,0,0,0,0,0,0,0,0.1,3097,0,-1,0,0,0,0,0,0,0,West Brom,Man City,West Ham,Burnley,Crystal Palace,0,0,0,0,0,0,0,0,0,0,0,0,0,0,0,0,0
Federico,Fernandez,DEF,NEW,4700000,0,34,2.1,4.46808510638298E-07,7.23404255319149E-06,0,167749,2,26,0,0,0,0,0,7.2,733,-3,0,34,3,0.1,0,0.3,4,0,3,0,0,0.5,96352,1,-1,0,0,1381,3,0,0,252,Southampton,Chelsea,Man Utd,Wolverhampton,West Brom,0,0,0,0,0,1.8,1.7,1.4,1.6,1.9,2,1.8,1.9,2.6,1.7,1.9,40
,Fernandinho,DEF,MCI,5400000,0,27,1.28571428571429,2.38095238095238E-07,5E-06,0,106293,1,3,0,0,0,0,0,5,675,-1,0,27,1,0.4,0,2,2,0,3,0,0,0.7,58442,0,-1,0,0,517,391,0,0,121,Liverpool,Tottenham,Everton,Arsenal,West Ham,0.9,1.3,0.9,1,0.8,0.8,1.2,0.8,0.6,0.8,0,0.7,0.7,0.6,0.7,0.6,18.1
Will,Ferry,MID,SOU,4500000,0,0,0,0,0,0,68,0,0,0,0,0,0,0,0,10,0,0,0,0,0,0,0,0,0,0,0,0,0,106,0,-1,0,0,0,8,0,0,0,Newcastle,Wolverhampton,Chelsea,Leeds United F.C.,Everton,0,0,0,0,0,0,0,0,0,0,0,0,0,0,0,0,0
Sam,Field,MID,WBA,4800000,0,3,1,2.08333333333333E-07,6.25E-07,0,2414,0,2,0,0,0,0,0,0.6,9,-2,0,3,2,0,0,0,0,0,0,0,0,0,928,0,-1,0,0,61,0,0,0,16,Tottenham,Man Utd,Burnley,Brighton,Newcastle,0,0,0,0,0,0,0,0,0,0,0,0,0,0,0,0,2
Ryan,Finnigan,MID,SOU,4500000,0,0,0,0,0,0,9,0,0,0,0,0,0,0,0,3,0,0,0,0,0,0,0,0,0,0,0,0,0,45,0,-1,0,0,0,16,0,0,0,Newcastle,Wolverhampton,Chelsea,Leeds United F.C.,Everton,0,0,0,0,0,0,0,0,0,0,0,0,0,0,0,0,0
Roberto,Firmino,FWD,LIV,9400000,2,88,3.8,4.04255319148936E-07,9.36170212765957E-06,0,818336,1,27,0,0,0,6,0,9.4,49692,-1,0,88,1,0.3,0,3,10,0,6,0,4,6.4,952424,0,-1,0,1,1785,2901,0,0,365,Man City,Leicester,Everton,Sheffield United,Fulham,3.4,4.1,3.6,4.4,4.2,3.5,3.5,3.9,3.2,4.3,4.6,4,4.2,4.7,3.8,5.1,170.1
John,Fleck,MID,SHU,5600000,2,40,2.4,4.28571428571429E-07,7.14285714285714E-06,0,41110,2,24,0,0,0,0,0,7.1,130,-4,0,40,4,0.6,0,3.2,1,0,1,0,3,0.1,12021,0,-1,0,0,1324,70,0,0,195,Chelsea,West Ham,Fulham,Liverpool,Southampton,1.8,1.5,1.8,1.4,2,1.5,1.4,1.8,1.6,1.5,1.8,1.5,1.9,1.9,1.7,2.3,65.4
Phil,Foden,MID,MCI,6100000,16,83,3.95238095238095,6.47931303669009E-07,1.36065573770492E-05,0,1707547,0,7,0,0,0,5,0,13.6,11250,-4,0,83,4,0.8,0,5,11,0,5,0,5,7.6,1944136,0,-1,0,3,1019,72631,0,0,284,Liverpool,Tottenham,Everton,Arsenal,West Ham,2.7,7.4,3.5,3.8,3.1,3.8,4.4,3.4,3.7,3,0,2.8,4,3.7,3.7,3.7,115.5
Wes,Foderingham,GLK,SHU,4300000,0,0,0,0,0,0,7910,0,0,0,0,0,0,0,0,51,-2,0,0,2,0,0,0,0,0,0,0,0,0.1,2490,0,-1,0,0,0,44,0,0,0,Chelsea,West Ham,Fulham,Liverpool,Southampton,0,0,0,0,0,0,0,0,0,0,0,0,0,0,0,0,0
Wesley,Fofana,DEF,LEI,5000000,0,49,3.1,6.2E-07,9.8E-06,0,101146,4,16,0,0,0,0,0,9.8,3772,0,0,49,0,0.3,0,1.5,4,0,5,0,1,0.4,124384,0,-1,0,1,1390,78,0,0,283,Wolverhampton,Liverpool,Aston Villa,Arsenal,Brighton,0,0,0,0,3.3,2.7,3.2,4.1,3.8,3,3.4,2.6,2.2,3.7,2.8,2.3,44.4
Pablo,Fornals,MID,WHU,5900000,0,76,3.6,6.10169491525424E-07,1.28813559322034E-05,0,257629,2,18,0,0,0,2,0,12.9,1533,-6,1,76,6,0.4,0,2.3,7,0,7,0,5,0.6,274856,0,-1,0,0,1537,184,-1,0,227,Fulham,Sheffield United,Tottenham,Man City,Leeds United F.C.,3.6,4.7,2.6,2.2,3,2.8,2.9,3.1,2.5,3.5,3.2,4,2.9,3.6,4,3.5,79.3
Adam,Forshaw,MID,LEE,4800000,0,0,0,0,0,0,1940,0,0,0,0,0,0,0,0,5,-2,0,0,2,0,0,0,0,0,0,0,0,0,413,0,-1,0,0,0,7,0,0,0,Crystal Palace,Arsenal,Wolverhampton,Southampton,Aston Villa,0,0,0,0,0,0,0,0,0,0,0,0,0,0,0,0,0
Fraser,Forster,GLK,SOU,4000000,0,6,0.285714285714286,7.14285714285714E-08,1.5E-06,0,238357,0,0,0,1,0,0,0,1.5,7139,0,0,6,0,0,0,0,0,0,1,0,0,6.2,627269,0,-1,0,0,90,3239,0,0,24,Newcastle,Wolverhampton,Chelsea,Leeds United F.C.,Everton,0.1,0.1,0.2,0.1,0.1,0.1,0.1,0.1,0.1,0.1,0,0.1,0.1,0.1,0.1,0.1,1.2
Timothy,Fosu-Mensah,DEF,MUN,4300000,0,0,0,0,0,0,10089,1,2,0,0,0,0,0,0,51,-2,0,0,2,0,0,0,0,0,0,0,0,0.1,5074,0,-1,0,0,80,0,0,0,17,Everton,West Brom,Newcastle,Chelsea,Man City,0,0,0,0,0,0,0,0,0,0,0,0,0,0,0,0,6.4
Juan,Foyth,DEF,TOT,4300000,0,0,0,0,0,0,9649,0,0,0,0,0,0,0,0,10,-2,0,0,2,0,0,0,0,0,0,0,0,0.1,1531,0,-1,0,0,0,0,0,0,0,West Brom,Man City,West Ham,Burnley,Crystal Palace,0,0,0,0,0,0,0,0,0,0,0,0,0,0,0,0,0
Ryan,Fraser,MID,NEW,5600000,0,25,1.13636363636364,2.02922077922078E-07,4.46428571428571E-06,0,78215,0,12,0,0,0,0,0,4.5,83,-4,0,25,4,0.2,0,0.9,0,0,2,0,3,0.2,16525,0,-1,0,0,566,26,0,1,100,Southampton,Chelsea,Man Utd,Wolverhampton,West Brom,0.6,0.6,0.6,0.6,0.6,0.6,0.6,0.6,0.6,0.6,0.6,0.6,0.6,0.6,0.9,0.6,43.7
,Fred,MID,MUN,5300000,1,35,2.1,3.9622641509434E-07,6.60377358490566E-06,0,25668,3,16,0,0,0,0,0,6.6,328,-2,0,35,2,0.3,0,1.7,0,0,7,0,0,0.2,21563,0,-1,0,0,1323,197,0,0,219,Everton,West Brom,Newcastle,Chelsea,Man City,1.1,1.8,1.4,1.4,1,1.2,1.1,1.3,1.4,1.6,1.7,1,1.3,1,1.4,1.3,56
Ryan,Fredericks,DEF,WHU,4200000,1,16,0.727272727272727,1.73160173160173E-07,3.80952380952381E-06,0,52590,2,7,0,0,0,0,0,3.8,182,-3,0,16,3,0.2,0,0.8,0,0,1,0,1,0.2,20317,0,-1,0,0,438,205,0,0,96,Fulham,Sheffield United,Tottenham,Man City,Leeds United F.C.,0.4,0.4,0.4,0.4,0.4,0.4,0.4,0.4,0.4,0.4,0.4,0.4,0.4,0.4,0.4,0.4,33
Luke,Freeman,MID,SHU,5000000,0,0,0,0,0,0,862,0,0,0,0,0,0,0,0,0,0,0,0,0,0,0,0,0,0,0,0,0,0,682,0,-1,0,0,0,0,0,0,0,Chelsea,West Ham,Fulham,Liverpool,Southampton,0,0,0,0,0,0,0,0,0,0,0,0,0,0,0,0,0
Christian,Fuchs,DEF,LEI,4500000,0,24,1.09090909090909,2.42424242424242E-07,5.33333333333333E-06,0,40180,4,9,0,0,0,0,0,5.3,235,0,0,24,0,0,0,0,2,0,3,0,0,0.2,42820,0,-1,0,0,701,86,0,0,112,Wolverhampton,Liverpool,Aston Villa,Arsenal,Brighton,0.8,0.6,0.8,0.5,0.6,0.5,0.6,0.9,0.8,0.5,0.6,0.5,0.5,0.7,0.5,0.5,19.2
Darnell,Furlong,DEF,WBA,4500000,0,41,2,4.44444444444444E-07,9.11111111111111E-06,0,47314,2,42,0,0,0,1,0,9.1,513,0,0,41,0,0.1,0,0.5,2,0,2,0,2,0.2,51496,1,-1,0,0,1626,51,0,0,227,Tottenham,Man Utd,Burnley,Brighton,Newcastle,1.6,1.5,1.5,1.3,1.2,1.6,1,1.3,1.3,1.8,1.9,2.1,2,1.8,1.7,1.5,62.3
,Gabriel,DEF,ARS,5000000,2,50,3.6,7.2E-07,1E-05,0,1150059,1,15,0,0,0,2,0,10,2230,0,0,50,0,0.1,0,0.5,6,0,3,0,0,4.8,1020779,0,-1,0,1,1186,495,0,1,248,Aston Villa,Leeds United F.C.,Man City,Leicester,Burnley,4.5,2.8,4.9,4.4,3.9,3.1,4.6,4.3,3.6,4,2.6,3.4,3.9,3.4,4.1,3.3,51.4
Conor,Gallagher,MID,WBA,5500000,1,41,2.4,4.36363636363636E-07,7.45454545454545E-06,0,16844,7,31,0,0,0,2,0,7.5,95,0,0,41,0,0.1,0,0.8,3,0,2,0,0,0.1,18185,0,-1,0,0,1445,28,0,0,193,Tottenham,Man Utd,Burnley,Brighton,Newcastle,1.7,1.2,2.2,1.6,1.8,1.4,1.5,1.7,1.8,1.7,1.5,1.9,1.8,1.2,1.5,2,56
Eric,Garcia,DEF,MCI,4700000,0,3,0.142857142857143,3.03951367781155E-08,6.38297872340426E-07,0,24613,0,6,0,0,0,0,0,0.6,99,-3,0,3,3,0,0,0,0,0,0,0,0,0.2,10892,0,-1,0,0,200,87,0,0,35,Liverpool,Tottenham,Everton,Arsenal,West Ham,0.1,0.2,0.1,0.1,0.1,0.1,0.1,0.1,0.1,0.1,0,0.1,0.1,0.1,0.1,0.1,6
James,Garner,MID,MUN,4400000,0,0,0,0,0,0,6838,0,0,0,0,0,0,0,0,12,-1,0,0,1,0,0,0,0,0,0,0,0,0,2403,0,-1,0,0,0,0,0,0,0,Everton,West Brom,Newcastle,Chelsea,Man City,0,0,0,0,0,0,0,0,0,0,0,0,0,0,0,0,0
Dwight,Gayle,FWD,NEW,5900000,0,14,0.636363636363636,1.07858243451464E-07,2.3728813559322E-06,0,7137,0,3,0,0,0,1,0,2.4,119,-1,0,14,1,0.1,0,0.4,3,0,0,0,0,0,6049,0,-1,0,0,95,97,0,0,45,Southampton,Chelsea,Man Utd,Wolverhampton,West Brom,0.3,0.3,0.3,0.3,0.3,0.3,0.3,0.3,0.3,0.3,0.3,0.3,0.3,0.3,0.3,0.3,11.5
Paulo,Gazzaniga,GLK,TOT,4300000,0,0,0,0,0,0,19170,0,0,0,0,0,0,0,0,169,-2,0,0,2,0,0,0,0,0,0,0,0,0.2,4988,0,-1,0,0,0,0,0,0,0,West Brom,Man City,West Ham,Burnley,Crystal Palace,0,0,0,0,0,0,0,0,0,0,0,0,0,0,0,0,0
Jean-Philippe,Gbamin,MID,EVE,5000000,0,0,0,0,0,0,415,0,0,0,0,0,0,0,0,7,0,0,0,0,0,0,0,0,0,0,0,0,0,453,0,-1,0,0,0,9,0,0,0,Man Utd,Fulham,Man City,Liverpool,Southampton,0,0,0,0,0,0,0,0,0,0,0,0,0,0,0,0,0
Kieran,Gibbs,DEF,WBA,4300000,0,5,0.227272727272727,5.28541226215645E-08,1.16279069767442E-06,0,51971,1,25,0,0,0,0,0,1.2,119,-2,0,5,2,0.1,0,0.5,0,0,0,0,0,0.2,10264,0,-1,0,0,810,44,0,1,107,Tottenham,Man Utd,Burnley,Brighton,Newcastle,0.1,0.1,0.1,0.1,0.1,0.1,0.1,0.1,0.1,0.1,0.1,0.1,0.1,0.1,0.1,0.1,20.8
Morgan,Gibbs-White,MID,WOL,4900000,1,4,0.181818181818182,3.71057513914657E-08,8.16326530612245E-07,0,860,0,1,0,0,0,0,0,0.8,8,-1,0,4,1,0.1,0,0.7,0,0,0,0,0,0,656,0,-1,0,0,95,12,0,0,18,Leicester,Southampton,Leeds United F.C.,Newcastle,Aston Villa,0.1,0.1,0.1,0.1,0.1,0.1,0.1,0.1,0.1,0.1,0.1,0.1,0.1,0.1,0.1,0.1,5.1
Ben,Gibson,DEF,BUR,3900000,0,0,0,0,0,0,19271,0,0,0,0,0,0,0,0,46,-1,0,0,1,0,0,0,0,0,0,0,0,0.1,6239,0,-1,0,0,0,0,0,0,0,Brighton,Crystal Palace,Fulham,West Brom,Tottenham,0,0,0,0,0,0,0,0,0,0,0,0,0,0,0,0,0
Mark,Gillespie,GLK,NEW,4300000,0,0,0,0,0,0,5732,0,0,0,0,0,0,0,0,32,-2,0,0,2,0,0,0,0,0,0,0,0,0.1,2447,0,-1,0,0,0,18,0,0,0,Southampton,Chelsea,Man Utd,Wolverhampton,West Brom,0,0,0,0,0,0,0,0,0,0,0,0,0,0,0,0,0
Billy,Gilmour,MID,CHE,4400000,0,2,0.0909090909090909,2.06611570247934E-08,4.54545454545455E-07,0,15725,0,0,0,0,0,0,0,0.5,145,-1,0,2,1,0,0,0,0,0,0,0,0,0.1,9879,0,-1,0,0,34,86,0,0,10,Sheffield United,Newcastle,Southampton,Man Utd,Everton,0,0,0,0,0,0,0,0,0,0,0,0,0,0,0,0,1.5
Olivier,Giroud,FWD,CHE,6700000,2,33,1.5,2.23880597014925E-07,4.92537313432836E-06,0,265193,1,5,0,0,0,3,0,4.9,3280,-3,0,33,3,0.1,0,1,3,0,2,0,0,1.2,233310,0,-1,0,1,567,622,0,0,105,Sheffield United,Newcastle,Southampton,Man Utd,Everton,1,1.2,0.8,0.8,0.8,1,0.9,1.1,1,0.9,0.8,1,0.8,0.8,0.8,0.8,54.1
Ben,Godfrey,DEF,EVE,5000000,1,36,2.6,5.2E-07,7.2E-06,0,29079,4,15,0,0,0,0,0,7.2,387,0,0,36,0,0.4,0,1.8,1,0,3,0,1,0.2,41838,0,-1,0,0,1229,1049,0,0,215,Man Utd,Fulham,Man City,Liverpool,Southampton,2.9,5.5,3,1.9,2.2,2,3,2.6,2.6,1.7,3.1,2.2,3,2,2.9,3.3,31.8
Claudio,Gomes,MID,MCI,4500000,0,0,0,0,0,0,19,0,0,0,0,0,0,0,0,12,0,0,0,0,0,0,0,0,0,0,0,0,0,63,0,-1,0,0,0,28,0,0,0,Liverpool,Tottenham,Everton,Arsenal,West Ham,0,0,0,0,0,0,0,0,0,0,0,0,0,0,0,0,0
Joseph,Gomez,DEF,LIV,5200000,0,10,1.4,2.69230769230769E-07,1.92307692307692E-06,0,374965,0,14,0,0,0,0,0,1.9,396,-3,0,10,3,0,0,0,0,0,0,0,0,1.1,109335,0,-1,0,0,589,27,0,0,94,Man City,Leicester,Everton,Sheffield United,Fulham,0,0,0,0,0,1.1,0.7,1.1,0.9,0.8,0.7,1,0.8,1,0.8,1.1,12.5
Mace,Goodridge,MID,BUR,4500000,0,0,0,0,0,0,1320,0,0,0,0,0,0,0,0,11,0,0,0,0,0,0,0,0,0,0,0,0,0,1278,0,-1,0,0,0,0,0,0,0,Brighton,Crystal Palace,Fulham,West Brom,Tottenham,0,0,0,0,0,0,0,0,0,0,0,0,0,0,0,0,0
Anthony,Gordon,MID,EVE,4300000,0,3,1,2.32558139534884E-07,6.97674418604651E-07,0,133125,0,0,0,0,0,0,0,0.7,1245,-2,0,3,2,0,0,0,0,0,0,0,0,0.6,112153,0,-1,0,0,87,0,0,0,11,Man Utd,Fulham,Man City,Liverpool,Southampton,0,0,0,0,0,0,0,0,0,0,0,0,0,0,0,0,3.1
Kyron,Gordon,DEF,SHU,4000000,0,0,0,0,0,0,96,0,0,0,0,0,0,0,0,18,0,0,0,0,0,0,0,0,0,0,0,0,0,263,0,-1,0,0,0,43,0,0,0,Chelsea,West Ham,Fulham,Liverpool,Southampton,0,0,0,0,0,0,0,0,0,0,0,0,0,0,0,0,0
Karlan,Grant,FWD,WBA,5700000,2,36,2.2,3.85964912280702E-07,6.31578947368421E-06,0,12654,1,24,0,0,0,1,0,6.3,104,-3,1,36,3,0.2,0,1.2,3,0,3,0,0,0,13565,0,-1,0,0,1076,77,-1,0,92,Tottenham,Man Utd,Burnley,Brighton,Newcastle,1.8,1.4,1.7,1.6,2,2,1.5,1.4,1.8,1.9,1.5,1.7,1.7,1.8,1.3,2,41
Lee,Grant,GLK,MUN,4000000,0,0,0,0,0,0,4616,0,0,0,0,0,0,0,0,124,0,0,0,0,0,0,0,0,0,0,0,0,0.1,7853,0,-1,0,0,0,58,0,0,0,Everton,West Brom,Newcastle,Chelsea,Man City,0,0,0,0,0,0,0,0,0,0,0,0,0,0,0,0,0
Demarai,Gray,MID,LEI,5100000,0,1,1,1.96078431372549E-07,1.96078431372549E-07,0,13919,0,0,0,0,0,0,0,0.2,60,-4,0,1,4,0,0,0,0,0,0,0,0,0.1,2724,0,-1,0,0,18,0,0,0,3,Wolverhampton,Liverpool,Aston Villa,Arsenal,Brighton,0,0,0,0,0,0,0,0,0,0,0,0,0,0,0,0,0.5
Jack,Grealish,MID,AVL,7800000,2,127,6,7.69230769230769E-07,1.62820512820513E-05,0,3021710,5,24,0,0,0,6,0,16.3,53103,8,0,127,-8,0.6,0,5,13,0,11,0,12,40.7,5194887,0,-1,0,2,1887,40047,0,0,490,Arsenal,Brighton,Leicester,Leeds United F.C.,Wolverhampton,6.1,7.6,5.4,7.9,7.3,7.6,8,6.9,6,5.6,7.3,8,5.2,6.2,7,6.6,247.6
Mason,Greenwood,MID,MUN,7000000,2,38,1.72727272727273,2.46753246753247E-07,5.42857142857143E-06,0,712878,1,17,0,0,0,1,0,5.4,1090,-5,0,38,5,0.3,0,2.1,0,0,3,0,1,1.9,322474,0,-1,0,0,968,1296,0,0,129,Everton,West Brom,Newcastle,Chelsea,Man City,0.9,1.3,1,1,0.9,0.9,0.9,0.9,1,1.2,1.2,0.9,0.9,0.9,1,1,56.1
Kamil,Grosicki,MID,WBA,5200000,0,8,0.363636363636364,6.99300699300699E-08,1.53846153846154E-06,0,7617,0,5,0,0,0,0,0,1.5,23,-3,0,8,3,0.2,0,1.2,0,0,0,0,1,0,901,0,-1,0,0,147,7,0,0,29,Tottenham,Man Utd,Burnley,Brighton,Newcastle,0.2,0.2,0.2,0.2,0.2,0.2,0.2,0.2,0.2,0.2,0.2,0.2,0.2,0.2,0.2,0.2,7.2
Pascal,Gro?,MID,BHA,5800000,5,66,3.5,6.03448275862069E-07,1.13793103448276E-05,0,111214,1,13,0,0,0,2,0,11.4,377,-2,0,66,2,0.7,0,3.8,9,0,5,0,4,0.3,111441,0,-1,0,0,1163,495,0,0,280,Burnley,Aston Villa,Crystal Palace,West Brom,Leicester,3.9,2.3,3,3.9,2.3,3,3.2,2.8,2.7,3.1,4.4,2.7,3,2.7,2.4,3.3,109.8
Jay-Roy,Grot,MID,LEE,4700000,0,0,0,0,0,0,3503,0,0,0,0,0,0,0,0,4,-3,0,0,3,0,0,0,0,0,0,0,0,0,1206,0,-1,0,0,0,0,0,0,0,Crystal Palace,Arsenal,Wolverhampton,Southampton,Aston Villa,0,0,0,0,0,0,0,0,0,0,0,0,0,0,0,0,0
Vicente,Guaita,GLK,CRY,4800000,0,75,3.4,7.08333333333333E-07,1.5625E-05,0,435816,2,37,0,69,0,0,0,15.6,2678,-2,0,75,2,0.8,0,3.8,10,0,4,0,0,3.3,455297,0,-1,1,3,1980,2929,0,0,383,Leeds United F.C.,Burnley,Brighton,Fulham,Tottenham,3,3.7,3.2,4.1,3.1,4.1,3.9,2.9,3.4,2.4,3.6,5,2.8,4,4.1,3.8,50.7
Johann Berg,Gudmundsson,MID,BUR,5400000,8,25,1.19047619047619,2.20458553791887E-07,4.62962962962963E-06,0,14997,1,9,0,0,0,1,0,4.6,86,-1,0,25,1,0.4,0,2.3,2,0,2,0,0,0.1,12172,0,-1,0,0,637,1335,0,0,82,Brighton,Crystal Palace,Fulham,West Brom,Tottenham,0.6,1.2,0.6,0.6,0.6,0.6,0.6,0.6,0.6,0.6,0.6,0.6,0.6,0.6,0.6,0.8,23.4
Matteo,Guendouzi,MID,ARS,4700000,0,0,0,0,0,0,13042,0,0,0,0,0,0,0,0,7,-3,0,0,3,0,0,0,0,0,0,0,0,0.1,2725,0,-1,0,0,0,0,0,0,0,Aston Villa,Leeds United F.C.,Man City,Leicester,Burnley,0,0,0,0,0,0,0,0,0,0,0,0,0,0,0,0,0
Frederic,Guilbert,DEF,AVL,4300000,0,0,0,0,0,0,9669,0,0,0,0,0,0,0,0,50,-2,0,0,2,0,0,0,0,0,0,0,0,0.1,2055,0,-1,0,0,0,0,0,0,0,Arsenal,Brighton,Leicester,Leeds United F.C.,Wolverhampton,0,0,0,0,0,0,0,0,0,0,0,0,0,0,0,0,0
Ilkay,Gundogan,MID,MCI,5900000,13,104,6.1,1.03389830508475E-06,1.76271186440678E-05,0,288755,0,4,0,0,0,9,0,17.6,6915,4,0,104,-4,1.4,1,8.4,17,0,10,0,1,23.1,2054462,0,-1,0,5,1305,262827,0,0,400,Liverpool,Tottenham,Everton,Arsenal,West Ham,5.4,14,6.8,7.1,6.1,7.2,8.1,6.5,7.1,6,0,5.6,7.5,7,7.1,7.1,133.8
Angus,Gunn,GLK,SOU,4300000,0,0,0,0,0,0,18335,0,0,0,0,0,0,0,0,34,-2,0,0,2,0,0,0,0,0,0,0,0,0.1,2885,0,-1,0,0,0,0,0,0,0,Newcastle,Wolverhampton,Chelsea,Leeds United F.C.,Everton,0,0,0,0,0,0,0,0,0,0,0,0,0,0,0,0,0
Antwoine,Hackford,FWD,SHU,4400000,0,1,0.0454545454545455,1.03305785123967E-08,2.27272727272727E-07,0,4474,0,0,0,0,0,0,0,0.2,504,-1,0,1,1,0,0,0,0,0,0,0,0,0.1,9650,0,-1,0,0,10,2602,0,0,3,Chelsea,West Ham,Fulham,Liverpool,Southampton,0,0,0,0,0,0,0,0,0,0,0,0,0,0,0,0,1.8
Sebastien,Haller,FWD,WHU,6100000,0,41,2.6,4.26229508196721E-07,6.72131147540984E-06,0,92898,0,12,0,0,0,3,0,6.7,147,-4,0,41,4,0,0,0,4,0,3,0,0,0.2,60525,0,-1,0,0,932,0,0,0,113,Fulham,Sheffield United,Tottenham,Man City,Leeds United F.C.,0,0,0,0,0,0,0,0,0,0,0,0,0,0,0,0,66.2
Rekeem,Harper,MID,WBA,4300000,0,2,1,2.32558139534884E-07,4.65116279069767E-07,0,81164,0,2,0,0,0,0,0,0.5,627,-2,0,2,2,0,0,0,0,0,0,0,0,0.4,66429,0,-1,0,0,30,0,0,0,7,Tottenham,Man Utd,Burnley,Brighton,Newcastle,0,0,0,0,0,0,0,0,0,0,0,0,0,0,0,0,1.6
Jack,Harrison,MID,LEE,5400000,0,86,4.3,7.96296296296296E-07,1.59259259259259E-05,0,486239,2,34,0,0,0,5,0,15.9,5359,-1,0,86,1,0.7,0,3.8,7,0,6,0,4,2.2,552192,0,-1,0,2,1665,6378,0,0,289,Crystal Palace,Arsenal,Wolverhampton,Southampton,Aston Villa,3.9,4.7,8.6,3,4.5,3.8,5,5.6,3.2,3,2.9,4.9,3.1,5.4,4.3,4.3,132.9
,Harry Wilson,MID,LIV,5100000,0,0,0,0,0,0,6132,0,0,0,0,0,0,0,0,4,-4,0,0,4,0,0,0,0,0,0,0,0,0,502,0,-1,0,0,0,0,0,0,0,Man City,Leicester,Everton,Sheffield United,Fulham,0,0,0,0,0,0,0,0,0,0,0,0,0,0,0,0,0
Joe,Hart,GLK,TOT,4300000,0,0,0,0,0,0,44206,0,0,0,0,0,0,0,0,219,-2,0,0,2,0,0,0,0,0,0,0,0,0.6,12392,0,-1,0,0,0,154,0,0,0,West Brom,Man City,West Ham,Burnley,Crystal Palace,0,0,0,0,0,0,0,0,0,0,0,0,0,0,0,0,0
Taylor,Harwood-Bellis,DEF,MCI,4000000,0,0,0,0,0,0,435,0,0,0,0,0,0,0,0,26,0,0,0,0,0,0,0,0,0,0,0,0,0,421,0,-1,0,0,0,0,0,0,0,Liverpool,Tottenham,Everton,Arsenal,West Ham,0,0,0,0,0,0,0,0,0,0,0,0,0,0,0,0,0
Kortney,Hause,DEF,AVL,4400000,0,28,1.4,3.18181818181818E-07,6.36363636363636E-06,0,71928,1,1,0,0,0,1,0,6.4,1116,-1,0,28,1,0,0,0,3,0,3,0,0,0.2,80272,0,-1,0,1,360,7,0,0,89,Arsenal,Brighton,Leicester,Leeds United F.C.,Wolverhampton,0,0,0,0,0,0.7,0.8,0.9,1.1,1.4,0.9,0.8,0.8,0.9,0.9,0.7,14.2
Kai,Havertz,MID,CHE,8200000,0,45,2.04545454545455,2.49445676274945E-07,5.48780487804878E-06,0,1290911,2,12,0,0,0,1,0,5.5,2642,-3,0,45,3,0.1,0,0.8,0,0,4,0,3,2.5,567931,0,-1,0,0,979,58,0,0,159,Sheffield United,Newcastle,Southampton,Man Utd,Everton,0,1.5,1.1,1,1.2,1.5,1,1.6,1,1.3,1.2,1.4,1,1.2,1,1.1,55.8
Isaac,Hayden,MID,NEW,4700000,2,30,1.7,3.61702127659574E-07,6.38297872340426E-06,0,9588,6,26,0,0,0,0,0,6.4,46,-3,0,30,3,0.4,0,1.7,0,0,3,0,0,0,5000,0,-1,0,0,1450,27,0,0,154,Southampton,Chelsea,Man Utd,Wolverhampton,West Brom,1.1,0.9,0.8,1.1,1.2,0.8,1,0.8,1.2,0.9,0.8,0.8,0.9,0.8,1.6,1.1,38.5
Tom,Heaton,GLK,AVL,4500000,0,0,0,0,0,0,5517,0,0,0,0,0,0,0,0,84,0,0,0,0,0,0,0,0,0,0,0,0,0.1,4421,0,-1,0,0,0,104,0,0,0,Arsenal,Brighton,Leicester,Leeds United F.C.,Wolverhampton,0,0,0,0,0,0,0,0,0,0,0,0,0,0,0,0,0
Michael,Hector,DEF,FUL,4200000,0,0,0,0,0,0,22943,2,10,0,0,0,0,0,0,84,-3,0,0,3,0,0,0,0,0,0,0,0,0.1,7658,0,-1,0,0,262,33,0,0,32,West Ham,Everton,Burnley,Sheffield United,Crystal Palace,0,0,0,0,0,0,0,0,0,0,0,0,0,0,0,0,6.9
,Hegazi,DEF,WBA,4100000,0,6,6,1.46341463414634E-06,1.46341463414634E-06,0,86699,0,0,0,0,0,0,0,1.5,44,-4,0,6,4,0,0,0,0,0,1,0,0,0.1,13027,0,-1,0,0,90,0,0,0,24,Tottenham,Man Utd,Burnley,Brighton,Newcastle,0,0,0,0,0,0,0,0,0,0,0,0,0,0,0,0,2
Dean,Henderson,GLK,MUN,5200000,0,5,0.227272727272727,4.37062937062937E-08,9.61538461538461E-07,0,140009,1,3,0,11,0,0,0,1,503,-3,0,5,3,0,0,0,0,0,0,0,0,1.3,16464,0,-1,0,0,225,81,0,0,38,Everton,West Brom,Newcastle,Chelsea,Man City,0.1,0.1,0.1,0.1,0.1,0.1,0.1,0.1,0.1,0.1,0.1,0.1,0.1,0.1,0.1,0.1,6.5
Jordan,Henderson,MID,LIV,5400000,2,53,2.8,5.18518518518518E-07,9.81481481481482E-06,0,261149,0,19,0,0,0,1,0,9.8,1440,-1,0,53,1,0.3,0,1.8,2,0,4,0,2,1.2,139678,0,-1,0,0,1585,664,0,0,320,Man City,Leicester,Everton,Sheffield United,Fulham,1.7,2.1,2,3.1,2.3,2,2.2,2.2,1.7,2.5,2.4,1.8,2.4,2.7,2.7,2.3,66.6
Stephen,Henderson,GLK,CRY,4000000,0,0,0,0,0,0,26031,0,0,0,0,0,0,0,0,404,0,0,0,0,0,0,0,0,0,0,0,0,0.5,56785,0,-1,0,0,0,309,0,0,0,Leeds United F.C.,Burnley,Brighton,Fulham,Tottenham,0,0,0,0,0,0,0,0,0,0,0,0,0,0,0,0,0
Jeff,Hendrick,MID,NEW,4500000,-2,47,2.8,6.22222222222222E-07,1.04444444444444E-05,0,549736,1,21,0,0,0,2,0,10.4,3860,-5,0,47,5,0.3,0,1.3,3,0,3,0,1,1.5,536153,0,-1,0,1,1304,75,0,1,162,Southampton,Chelsea,Man Utd,Wolverhampton,West Brom,0,0,1.8,2.5,2.7,1.7,2.4,1.8,2.7,2,1.7,2,2.1,1.7,3.4,2.4,36.8
Wayne,Hennessey,GLK,CRY,4300000,0,0,0,0,0,0,45377,0,0,0,0,0,0,0,0,119,-2,0,0,2,0,0,0,0,0,0,0,0,0.3,6988,0,-1,0,0,0,36,0,0,0,Leeds United F.C.,Burnley,Brighton,Fulham,Tottenham,0,0,0,0,0,0,0,0,0,0,0,0,0,0,0,0,0
,Hernandez,MID,LEE,5700000,0,18,0.857142857142857,1.50375939849624E-07,3.15789473684211E-06,0,128061,0,5,0,0,0,0,0,3.2,102,-3,0,18,3,0.1,0,0.4,0,0,0,0,2,0.2,21967,0,-1,0,0,272,76,0,0,69,Crystal Palace,Arsenal,Wolverhampton,Southampton,Aston Villa,0.4,0.4,0.8,0.4,0.4,0.4,0.4,0.5,0.4,0.4,0.4,0.4,0.4,0.4,0.4,0.4,22.8
Ki-Jana,Hoever,DEF,WOL,4400000,1,8,0.363636363636364,8.26446280991736E-08,1.81818181818182E-06,0,4378,1,4,0,0,0,0,0,1.8,52,-1,0,8,1,0.2,0,0.7,0,0,0,0,0,0,4958,0,-1,0,0,297,52,0,0,40,Leicester,Southampton,Leeds United F.C.,Newcastle,Aston Villa,0.2,0.2,0.2,0.2,0.2,0.2,0.2,0.2,0.2,0.2,0.2,0.2,0.2,0.2,0.2,0.2,9.8
Pierre-Emile,H?jbjerg,MID,TOT,4900000,9,63,2.9,5.91836734693878E-07,1.28571428571429E-05,0,147023,5,22,0,0,0,1,0,12.9,1386,-1,0,63,1,0.9,0,4.2,3,0,7,0,3,0.9,123362,0,-1,0,0,1980,2321,0,0,335,West Brom,Man City,West Ham,Burnley,Crystal Palace,2.5,1.6,2.4,2.7,2.2,2.5,2.4,2.7,1.5,2.9,0,3.4,2.8,2.4,1.6,2.4,71.6
Rob,Holding,DEF,ARS,4600000,2,71,3.5,7.60869565217391E-07,1.54347826086957E-05,0,452792,2,18,0,0,0,0,0,15.4,15524,1,0,71,-1,0.9,0,4.2,6,0,8,0,1,5.6,763767,1,-1,0,1,1755,3352,0,0,368,Aston Villa,Leeds United F.C.,Man City,Leicester,Burnley,4.4,2.7,4.7,4.3,3.7,3,4.4,4.1,3.5,3.8,2.5,3.3,3.7,3.3,3.9,3.2,53.8
Mason,Holgate,DEF,EVE,4800000,1,38,1.9,3.95833333333333E-07,7.91666666666667E-06,0,120153,4,12,0,0,0,1,0,7.9,1510,-2,0,38,2,0.2,0,1,4,0,3,0,0,0.8,163743,0,-1,0,1,970,1192,0,0,187,Man Utd,Fulham,Man City,Liverpool,Southampton,1.8,3.4,1.9,1.1,1.3,1.2,1.9,1.6,1.6,1,2,1.3,1.9,1.2,1.8,2.1,35.1
Conor,Hourihane,MID,AVL,5900000,0,20,5,8.47457627118644E-07,3.38983050847458E-06,0,26927,0,2,0,0,0,1,0,3.4,74,-1,0,20,1,0,0,0,3,0,2,0,1,0.1,23841,0,-1,0,1,225,0,0,0,70,Arsenal,Brighton,Leicester,Leeds United F.C.,Wolverhampton,0,0,0,0,0,0,0,0,0,0,0,0,0,0,0,0,18.2
Callum,Hudson-Odoi,MID,CHE,5700000,1,42,1.90909090909091,3.34928229665072E-07,7.36842105263158E-06,0,72682,0,4,0,0,0,2,0,7.4,4758,-3,0,42,3,0.5,0,2.8,2,0,4,0,2,1,105903,0,-1,0,0,665,3452,0,0,172,Sheffield United,Newcastle,Southampton,Man Utd,Everton,1.7,1.3,1,1,1.1,1.3,1,1.4,1,1.2,1.1,1.3,1,1.1,1,1,72
Niall,Huggins,FWD,LEE,4500000,0,0,0,0,0,0,2661,0,0,0,0,0,0,0,0,188,0,0,0,0,0,0,0,0,0,0,0,0,0,4785,0,-1,0,0,0,228,0,0,0,Crystal Palace,Arsenal,Wolverhampton,Southampton,Aston Villa,0,0,0,0,0,0,0,0,0,0,0,0,0,0,0,0,0
Jordan,Hugill,FWD,WHU,5500000,0,0,0,0,0,0,676,0,0,0,0,0,0,0,0,1,0,0,0,0,0,0,0,0,0,0,0,0,0,429,0,-1,0,0,0,0,0,0,0,Fulham,Sheffield United,Tottenham,Man City,Leeds United F.C.,0,0,0,0,0,0,0,0,0,0,0,0,0,0,0,0,0
Odion,Ighalo,FWD,MUN,6100000,0,1,1,1.63934426229508E-07,1.63934426229508E-07,0,23707,0,1,0,0,0,0,0,0.2,52,-4,0,1,4,0,0,0,0,0,0,0,0,0.2,7620,0,-1,0,0,9,0,0,0,1,Everton,West Brom,Newcastle,Chelsea,Man City,0,0,0,0,0,0,0,0,0,0,0,0,0,0,0,0,0.2
Kelechi,Iheanacho,FWD,LEI,5600000,2,18,1.5,2.67857142857143E-07,3.21428571428571E-06,0,56933,0,2,0,0,0,1,0,3.2,830,-4,0,18,4,0.3,1,1.7,0,0,3,0,0,0.3,29521,0,-1,0,0,385,535,0,0,49,Wolverhampton,Liverpool,Aston Villa,Arsenal,Brighton,0.9,0.9,0.9,0.8,1.1,1.1,1,0.8,0.9,0.9,1.2,0.9,1,1,0.8,0.8,36.5
Danny,Ings,FWD,SOU,8400000,2,81,4.8,5.71428571428571E-07,9.64285714285714E-06,0,2616691,1,24,0,0,0,7,0,9.6,47700,-1,0,81,1,0.2,0,1.6,13,0,6,0,3,9.4,1652755,0,-1,0,1,1377,6853,0,0,300,Newcastle,Wolverhampton,Chelsea,Leeds United F.C.,Everton,6,6.1,10.9,5.7,5.7,5.9,5.1,5.7,6.1,7.1,0,5.2,5.4,6.2,5.6,4.5,118
Ryan,Inniss,DEF,CRY,4000000,0,0,0,0,0,0,6303,0,0,0,0,0,0,0,0,11,0,0,0,0,0,0,0,0,0,0,0,0,0,4884,0,-1,0,0,0,0,0,0,0,Leeds United F.C.,Burnley,Brighton,Fulham,Tottenham,0,0,0,0,0,0,0,0,0,0,0,0,0,0,0,0,0
Branislav,Ivanovic,DEF,WBA,4400000,0,18,0.818181818181818,1.85950413223141E-07,4.09090909090909E-06,0,18015,2,18,0,0,0,0,0,4.1,89,-1,0,18,1,0,0,0,0,0,2,0,0,0.1,19163,0,-1,0,0,741,55,0,0,113,Tottenham,Man Utd,Burnley,Brighton,Newcastle,0.4,0.4,0.4,0.4,0.4,0.4,0.4,0.4,0.4,0.4,0.4,0.5,0.5,0.4,0.4,0.4,18.8
Alex,Iwobi,MID,EVE,5900000,1,50,2.6,4.40677966101695E-07,8.47457627118644E-06,0,36216,0,12,0,0,0,1,0,8.5,420,-1,0,50,1,0.5,0,3,1,0,5,0,3,0.2,32544,0,-1,0,1,1038,485,0,0,195,Man Utd,Fulham,Man City,Liverpool,Southampton,1.9,3.1,1.7,1.8,2.1,2.1,2.6,1.7,2.4,1.3,2.2,1.3,2.1,2.8,1.9,1.4,58.3
Jose,Izquierdo,MID,BHA,5500000,0,0,0,0,0,0,10205,0,0,0,0,0,0,0,0,11,0,0,0,0,0,0,0,0,0,0,0,0,0,10217,0,-1,0,0,0,8,0,0,0,Burnley,Aston Villa,Crystal Palace,West Brom,Leicester,0,0,0,0,0,0,0,0,0,0,0,0,0,0,0,0,0
,Jack Robinson,DEF,SHU,4200000,0,13,0.590909090909091,1.40692640692641E-07,3.0952380952381E-06,0,18392,2,10,0,0,0,0,0,3.1,75,-3,0,13,3,0,0,0,0,0,0,0,1,0.1,9909,0,-1,0,0,605,7,0,0,70,Chelsea,West Ham,Fulham,Liverpool,Southampton,0,0,0,0,0,0.3,0.3,0.3,0.3,0.3,0.3,0.3,0.3,0.3,0.3,0.3,13.4
Phil,Jagielka,DEF,SHU,3900000,0,3,0.136363636363636,3.4965034965035E-08,7.69230769230769E-07,0,50455,1,7,0,0,0,0,0,0.8,452,-1,0,3,1,0.1,0,0.5,0,0,0,0,0,0.5,67099,0,-1,0,0,232,625,0,0,29,Chelsea,West Ham,Fulham,Liverpool,Southampton,0.1,0.1,0.1,0.1,0.1,0.1,0.1,0.1,0.1,0.1,0.1,0.1,0.1,0.1,0.1,0.1,3.5
Alireza,Jahanbakhsh,MID,BHA,5400000,0,13,1.2,2.22222222222222E-07,2.40740740740741E-06,0,4777,2,6,0,0,0,0,0,2.4,24,-1,0,13,1,0,0,0,0,0,0,0,1,0,2033,0,-1,0,0,249,13,0,0,62,Burnley,Aston Villa,Crystal Palace,West Brom,Leicester,0,0,0,0,0,0,0,0,0,0,0,0,0,0,0,0,28.8
Daniel,James,MID,MUN,6200000,0,17,0.772727272727273,1.24633431085044E-07,2.74193548387097E-06,0,30101,2,5,0,0,0,2,0,2.7,165,-3,0,17,3,0.1,0,0.9,0,0,0,0,0,0.2,12684,0,-1,0,0,353,69,0,0,66,Everton,West Brom,Newcastle,Chelsea,Man City,0.4,0.4,0.4,0.4,0.4,0.4,0.4,0.4,0.4,0.4,0.4,0.4,0.4,0.4,0.4,0.4,35.3
Matty,James,MID,LEI,4300000,0,0,0,0,0,0,56388,0,0,0,0,0,0,0,0,113,-2,0,0,2,0,0,0,0,0,0,0,0,0.2,29808,0,-1,0,0,0,0,0,0,0,Wolverhampton,Liverpool,Aston Villa,Arsenal,Brighton,0,0,0,0,0,0,0,0,0,0,0,0,0,0,0,0,0
Reece,James,DEF,CHE,5000000,2,67,3.9,7.8E-07,1.34E-05,0,2081310,3,18,0,0,0,1,0,13.4,4075,0,0,67,0,0.4,0,2,11,0,5,0,2,6.5,1957116,0,-1,0,2,1370,6384,0,0,334,Sheffield United,Newcastle,Southampton,Man Utd,Everton,3.8,3.7,3.3,4.5,3.3,4,4.9,4.7,4.3,4.1,4.8,4.7,4.9,4.7,4.1,4.8,98.5
Alexandre,Jankewitz,MID,SOU,4500000,0,-1,-0.0476190476190476,-1.05820105820106E-08,-2.22222222222222E-07,0,61,0,9,0,0,0,0,0,-0.2,10,0,0,-1,0,0,0,-0.2,0,0,0,0,0,0,159,0,-1,0,0,2,33,0,1,-4,Newcastle,Wolverhampton,Chelsea,Leeds United F.C.,Everton,0,0,0,0,0,0,0,0,0,0,0,0,0,0,0,0,0.5
Jack,Jenkins,MID,LEE,4500000,0,0,0,0,0,0,1323,0,0,0,0,0,0,0,0,21,0,0,0,0,0,0,0,0,0,0,0,0,0,1686,0,-1,0,0,0,19,0,0,0,Crystal Palace,Arsenal,Wolverhampton,Southampton,Aston Villa,0,0,0,0,0,0,0,0,0,0,0,0,0,0,0,0,0
Teddy,Jenks,MID,BHA,4500000,0,0,0,0,0,0,76,0,0,0,0,0,0,0,0,9,0,0,0,0,0,0,0,0,0,0,0,0,0,127,0,-1,0,0,0,12,0,0,0,Burnley,Aston Villa,Crystal Palace,West Brom,Leicester,0,0,0,0,0,0,0,0,0,0,0,0,0,0,0,0,0
,Jesus,FWD,MCI,9200000,4,58,4.1,4.45652173913043E-07,6.30434782608696E-06,0,551424,1,5,0,0,0,4,0,6.3,19083,-3,0,58,3,0.5,0,4.3,10,0,6,0,3,4.4,731892,0,-1,0,0,1002,30808,0,0,196,Liverpool,Tottenham,Everton,Arsenal,West Ham,4.3,8.8,4.1,4.1,4.3,4.5,4.9,4.3,4.4,3.7,0,4.6,4.1,4.8,4.4,4.3,79
Raul,Jimenez,FWD,WOL,8200000,0,43,4.3,5.24390243902439E-07,5.24390243902439E-06,0,2201865,0,10,0,0,0,4,0,5.2,1281,-3,0,43,3,0,0,0,7,0,4,0,1,4.8,1158385,1,-1,0,0,824,53,0,0,148,Leicester,Southampton,Leeds United F.C.,Newcastle,Aston Villa,0,0,0,0,0,5.3,3.1,4.4,4.8,6,4.9,5.2,5,4.4,4.9,4.7,55
,Joelinton,FWD,NEW,5700000,1,39,2.3,4.03508771929825E-07,6.84210526315789E-06,0,102152,2,19,0,0,0,1,0,6.8,742,-3,0,39,3,0.1,0,0.4,2,0,2,0,2,0.4,91796,0,-1,0,1,1092,253,0,0,136,Southampton,Chelsea,Man Utd,Wolverhampton,West Brom,2,1.4,1.8,1.9,2.3,1.4,2,1.6,1.7,1.5,2,1.6,1.9,1.5,2.3,2,53.5
Stefan,Johansen,MID,FUL,4700000,0,0,0,0,0,0,3354,0,0,0,0,0,0,0,0,5,-3,0,0,3,0,0,0,0,0,0,0,0,0,438,0,-1,0,0,0,0,0,0,0,West Ham,Everton,Burnley,Sheffield United,Crystal Palace,0,0,0,0,0,0,0,0,0,0,0,0,0,0,0,0,0
Ben,Johnson,DEF,WHU,3900000,0,11,0.5,1.28205128205128E-07,2.82051282051282E-06,0,287975,0,2,0,0,0,1,0,2.8,2851,-1,0,11,1,0.1,0,0.2,0,0,0,0,0,2.5,275103,0,-1,0,0,143,529,0,0,35,Fulham,Sheffield United,Tottenham,Man City,Leeds United F.C.,0.2,0.2,0.2,0.2,0.2,0.2,0.2,0.2,0.2,0.2,0.2,0.2,0.2,0.2,0.2,0.2,6.5
Sam,Johnstone,GLK,WBA,4500000,2,62,2.8,6.22222222222222E-07,1.37777777777778E-05,0,229798,0,52,0,93,0,0,0,13.8,4381,0,0,62,0,0.3,0,1.3,7,0,2,0,0,2.4,345773,0,-1,0,1,1980,619,0,0,410,Tottenham,Man Utd,Burnley,Brighton,Newcastle,2.7,2.6,2.6,2.3,2.1,2.8,1.8,2.3,2.3,3,3.1,3.4,3.3,3.1,2.9,2.6,66.8
Curtis,Jones,MID,LIV,4400000,2,29,1.31818181818182,2.99586776859504E-07,6.59090909090909E-06,0,187776,1,10,0,0,0,0,0,6.6,1813,-1,0,29,1,0.3,0,1.5,0,0,3,0,1,0.8,199955,0,-1,0,0,805,719,0,0,137,Man City,Leicester,Everton,Sheffield United,Fulham,0.7,0.7,0.7,1,0.7,0.7,0.7,0.7,0.7,0.7,0.7,0.7,0.7,0.8,0.8,0.7,49.6
Phil,Jones,DEF,MUN,4800000,0,0,0,0,0,0,4718,0,0,0,0,0,0,0,0,5,-2,0,0,2,0,0,0,0,0,0,0,0,0,538,0,-1,0,0,0,0,0,0,0,Everton,West Brom,Newcastle,Chelsea,Man City,0,0,0,0,0,0,0,0,0,0,0,0,0,0,0,0,0
,Jonny,DEF,WOL,5400000,1,1,0.0454545454545455,8.41750841750842E-09,1.85185185185185E-07,0,2848,0,0,0,0,0,0,0,0.2,31,-1,0,1,1,0,0,0.2,0,0,0,0,0,0,1030,0,-1,0,0,45,105,0,0,6,Leicester,Southampton,Leeds United F.C.,Newcastle,Aston Villa,0,0,0,0,0,0,0,0,0,0,0,0,0,0,0,0,1.5
,Jordao,MID,WOL,4300000,0,0,0,0,0,0,46889,0,0,0,0,0,0,0,0,107,-2,0,0,2,0,0,0,0,0,0,0,0,0.2,16714,0,-1,0,0,0,0,0,0,0,Leicester,Southampton,Leeds United F.C.,Newcastle,Aston Villa,0,0,0,0,0,0,0,0,0,0,0,0,0,0,0,0,0
,Jorginho,MID,CHE,4700000,10,71,4.7,1E-06,1.51063829787234E-05,0,1340595,0,9,0,0,0,5,0,15.1,2753,-3,0,71,3,1.1,2,5,10,0,7,0,2,3.9,1314506,0,-1,0,4,1060,14995,0,0,286,Sheffield United,Newcastle,Southampton,Man Utd,Everton,6,5.3,4.4,3.9,4.6,5.3,3.8,5.5,4,4.9,4.6,5.2,3.3,4.5,4,4.2,71.3
,Jota,MID,AVL,5900000,0,0,0,0,0,0,7693,0,0,0,0,0,0,0,0,9,-1,0,0,1,0,0,0,0,0,0,0,0,0,1439,0,-1,0,0,0,0,0,0,0,Arsenal,Brighton,Leicester,Leeds United F.C.,Wolverhampton,0,0,0,0,0,0,0,0,0,0,0,0,0,0,0,0,0
Diogo,Jota,MID,LIV,6600000,0,47,2.13636363636364,3.23691460055096E-07,7.12121212121212E-06,0,2623847,0,11,0,0,0,5,0,7.1,2470,1,0,47,-1,0,0,0,7,0,1,0,0,2.3,2473839,0,-1,0,0,499,370,0,0,138,Man City,Leicester,Everton,Sheffield United,Fulham,0,0,0,0,0,1.3,1.4,1.4,1.1,1.6,1.5,1.2,1.6,1.8,1.8,1.5,56
James,Justin,DEF,LEI,5200000,9,101,4.4,8.46153846153846E-07,1.94230769230769E-05,0,1476689,4,25,0,0,0,2,0,19.4,15876,7,0,101,-7,1.3,0,6.7,13,0,9,0,2,29.9,2844983,0,-1,0,4,2070,48785,0,0,447,Wolverhampton,Liverpool,Aston Villa,Arsenal,Brighton,5.9,5.5,6.1,5,5.5,4.6,5.3,5.8,6.1,5,5.5,4.5,3.9,6,4.8,4,96
Ozan,Kabak,DEF,LIV,5000000,0,0,0,0,0,0,1418,0,0,0,0,0,0,0,0,510,0,0,0,0,0,0,0,0,0,0,0,0,0.1,8583,0,-1,0,0,0,1252,0,0,0,Man City,Leicester,Everton,Sheffield United,Fulham,0,0,0,0,0,0,0,0,0,0,0,0,0,0,0,0,0
Aboubakar,Kamara,MID,FUL,4800000,0,8,0.7,1.45833333333333E-07,1.66666666666667E-06,0,11919,1,9,0,0,0,0,0,1.7,36,-2,0,8,2,0.1,0,0.4,0,0,0,0,0,0,5026,0,-1,0,0,307,0,0,1,14,West Ham,Everton,Burnley,Sheffield United,Crystal Palace,0,0,0,0,0,0,0,0,0,0,0,0,0,0,0,0,13.2
Harry,Kane,FWD,TOT,11000000,8,151,7.5,6.81818181818182E-07,1.37272727272727E-05,0,4648739,1,17,0,0,0,13,0,13.7,30322,5,0,151,-5,0.4,0,4.3,28,0,7,0,11,19,4629654,0,-1,0,6,1744,145062,0,0,540,West Brom,Man City,West Ham,Burnley,Crystal Palace,9.3,8.6,9.8,9.6,10.3,10.5,10.1,10.4,9.1,11.1,0,9.9,11,10.1,8.3,10.9,205.5
N'Golo,Kante,MID,CHE,4900000,1,39,2.1,4.28571428571429E-07,7.95918367346939E-06,0,402657,6,21,0,0,0,0,0,8,1350,-1,0,39,1,0,0,0.2,0,0,6,0,1,2.4,209182,0,-1,0,0,1509,458,0,0,247,Sheffield United,Newcastle,Southampton,Man Utd,Everton,2,1.5,1.2,1,1.3,1.5,1,1.6,1,1.4,1.3,1.5,1,1.2,1,1.1,54.3
Michal,Karbownik,DEF,BHA,4500000,0,0,0,0,0,0,35,0,0,0,0,0,0,0,0,19,0,0,0,0,0,0,0,0,0,0,0,0,0,159,0,-1,0,0,0,41,0,0,0,Burnley,Aston Villa,Crystal Palace,West Brom,Leicester,0,0,0,0,0,0,0,0,0,0,0,0,0,0,0,0,0
Moise,Kean,FWD,EVE,5700000,0,2,1,1.75438596491228E-07,3.50877192982456E-07,0,35991,0,0,0,0,0,0,0,0.4,29,-3,0,2,3,0,0,0,0,0,0,0,0,0.2,8011,0,-1,0,0,13,0,0,0,1,Man Utd,Fulham,Man City,Liverpool,Southampton,0,0,0,0,0,0,0,0,0,0,0,0,0,0,0,0,0.9
Michael,Keane,DEF,EVE,5100000,3,71,3.5,6.86274509803922E-07,1.3921568627451E-05,0,601140,2,26,0,0,0,3,0,13.9,4753,1,0,71,-1,0.7,0,3.4,6,0,4,0,1,4.9,769605,0,-1,0,2,1695,13379,0,0,363,Man Utd,Fulham,Man City,Liverpool,Southampton,4.4,8.1,4.6,3,3.4,3.2,4.5,4,4,2.8,4.6,3.4,4.5,3.2,4.4,4.8,72.1
Neeskens,Kebano,MID,FUL,4700000,0,6,1.2,2.5531914893617E-07,1.27659574468085E-06,0,12287,0,3,0,0,0,0,0,1.3,26,-3,0,6,3,0,0,0,0,0,0,0,0,0,3056,0,-1,0,0,116,0,0,0,13,West Ham,Everton,Burnley,Sheffield United,Crystal Palace,0,0,0,0,0,0,0,0,0,0,0,0,0,0,0,0,5.9
Naby,Keita,MID,LIV,5200000,0,12,0.545454545454545,1.04895104895105E-07,2.30769230769231E-06,0,80675,0,7,0,0,0,0,0,2.3,66,-3,0,12,3,0,0,0,0,0,2,0,0,0.2,16551,0,-1,0,0,394,3,0,0,60,Man City,Leicester,Everton,Sheffield United,Fulham,0,0,0,0,0,0.3,0.3,0.3,0.3,0.3,0.3,0.3,0.3,0.3,0.3,0.3,21
Caoimhin,Kelleher,GLK,LIV,4500000,0,10,0.454545454545455,1.01010101010101E-07,2.22222222222222E-06,0,28177,0,1,0,6,0,0,0,2.2,194,0,0,10,0,0.1,0,0.5,0,0,1,0,0,0.1,31357,0,-1,0,1,180,172,0,0,41,Man City,Leicester,Everton,Sheffield United,Fulham,0.2,0.2,0.2,0.2,0.2,0.2,0.2,0.2,0.2,0.2,0.2,0.2,0.2,0.2,0.2,0.2,5.8
Martin,Kelly,DEF,CRY,4100000,0,0,0,0,0,0,78799,0,0,0,0,0,0,0,0,115,-4,0,0,4,0,0,0,0,0,0,0,0,0.2,10303,0,-1,0,0,0,219,0,0,0,Leeds United F.C.,Burnley,Brighton,Fulham,Tottenham,0,0,0,0,0,0,0,0,0,0,0,0,0,0,0,0,0
Jonjoe,Kenny,DEF,EVE,4300000,0,5,1.2,2.7906976744186E-07,1.16279069767442E-06,0,19470,0,1,0,0,0,0,0,1.2,123,-2,0,5,2,0,0,0,0,0,0,0,0,0.1,7972,0,-1,0,0,78,0,0,0,19,Man Utd,Fulham,Man City,Liverpool,Southampton,0,0,0,0,0,0,0,0,0,0,0,0,0,0,0,0,2.8
Reda,Khadra,MID,BHA,4500000,0,1,0.0454545454545455,1.01010101010101E-08,2.22222222222222E-07,0,141,0,0,0,0,0,0,0,0.2,14,0,0,1,0,0,0,0.2,0,0,0,0,0,0,222,0,-1,0,0,4,21,0,0,3,Burnley,Aston Villa,Crystal Palace,West Brom,Leicester,0,0,0,0,0,0,0,0,0,0,0,0,0,0,0,0,0.2
Max,Kilman,DEF,WOL,4000000,8,53,2.40909090909091,6.02272727272727E-07,1.325E-05,0,1145062,3,9,0,0,0,0,0,13.2,7170,0,0,53,0,0.7,0,2.7,8,0,5,0,1,7.6,1518222,0,-1,0,1,1118,12157,0,0,224,Leicester,Southampton,Leeds United F.C.,Newcastle,Aston Villa,2.1,1.4,1.7,1.5,2.2,2.7,2.6,2.6,2.2,2.3,2.2,2.2,2.1,1.8,1.7,2.3,34
Joshua,King,FWD,EVE,5500000,1,2,0.1,1.81818181818182E-08,3.63636363636364E-07,0,1398,0,0,0,0,0,0,0,0.4,600,0,0,2,0,0.2,0,1,0,0,0,0,0,0.1,6841,0,-1,0,0,12,1056,0,0,2,Man Utd,Fulham,Man City,Liverpool,Southampton,0,0,0,0,0,0,0,0,0,0,0,0,0,0,0,0,0.3
Cedric,Kipre,DEF,WBA,4300000,0,0,0,0,0,0,4708,0,0,0,0,0,0,0,0,28,-2,0,0,2,0,0,0,0,0,0,0,0,0,1228,0,-1,0,0,0,0,0,0,0,Tottenham,Man Utd,Burnley,Brighton,Newcastle,0,0,0,0,0,0,0,0,0,0,0,0,0,0,0,0,0
Mateusz,Klich,MID,LEE,5300000,0,73,3.5,6.60377358490566E-07,1.37735849056604E-05,0,1025985,5,34,0,0,0,3,0,13.8,4442,-2,0,73,2,0.3,0,1.4,3,0,6,0,5,3.2,1067327,0,-1,0,0,1662,1412,0,0,310,Crystal Palace,Arsenal,Wolverhampton,Southampton,Aston Villa,2.8,3.5,6.3,2.1,3.3,2.8,3.7,4.3,2.3,2.1,2,3.6,2.2,4.1,3.1,3.2,114
Anthony,Knockaert,MID,FUL,5000000,0,0,0,0,0,0,12579,0,0,0,0,0,0,0,0,5,-5,0,0,5,0,0,0,0,0,0,0,0,0,1026,0,-1,0,0,0,0,0,0,0,West Ham,Everton,Burnley,Sheffield United,Crystal Palace,0,0,0,0,0,0,0,0,0,0,0,0,0,0,0,0,0
Robin,Koch,DEF,LEE,4300000,0,32,1.52380952380952,3.5437430786268E-07,7.44186046511628E-06,0,81688,0,17,0,0,0,0,0,7.4,162,-2,0,32,2,0,0,0,2,0,4,0,0,0.3,52831,0,-1,0,1,908,15,0,0,180,Crystal Palace,Arsenal,Wolverhampton,Southampton,Aston Villa,0,0,0,0,1.3,0.8,1.3,0.9,1.5,1.1,0.9,1.1,0.8,1.1,0.8,1,31.4
Sead,Kolasinac,DEF,ARS,4800000,0,2,2,4.16666666666667E-07,4.16666666666667E-07,0,21159,0,1,0,0,0,0,0,0.4,44,-2,0,2,2,0,0,0,0,0,0,0,0,0.1,5329,0,-1,0,0,90,0,0,0,9,Aston Villa,Leeds United F.C.,Man City,Leicester,Burnley,0,0,0,0,0,0,0,0,0,0,0,0,0,0,0,0,1.3
Terence,Kongolo,DEF,FUL,4300000,0,0,0,0,0,0,802,0,0,0,0,0,0,0,0,19,-2,0,0,2,0,0,0,0,0,0,0,0,0,1111,0,-1,0,0,0,13,0,0,0,West Ham,Everton,Burnley,Sheffield United,Crystal Palace,0,0,0,0,0,0,0,0,0,0,0,0,0,0,0,0,0
,Konsa,DEF,AVL,4600000,5,75,3.9,8.47826086956522E-07,1.6304347826087E-05,0,819344,2,24,0,0,0,2,0,16.3,4236,1,0,75,-1,0.8,0,3.7,6,0,8,0,0,5,1088664,0,-1,0,1,1665,4018,0,0,330,Arsenal,Brighton,Leicester,Leeds United F.C.,Wolverhampton,4.4,4.5,3.8,4.3,5.3,3.8,4.1,4.5,5.1,5.3,4.4,4.2,4.2,4.5,4.4,3.6,51.7
Cheikhou,Kouyate,MID,CRY,4900000,0,52,2.5,5.10204081632653E-07,1.06122448979592E-05,0,85495,0,29,0,0,0,1,0,10.6,384,-1,0,52,1,0.3,0,1.5,2,0,4,0,0,0.4,82607,0,-1,0,0,1773,120,0,0,264,Leeds United F.C.,Burnley,Brighton,Fulham,Tottenham,1.8,2.5,1.7,2.2,1.5,2.3,1.5,1.9,2,1.4,1.5,1.6,2.4,1.5,1.8,1.2,51.2
Mateo,Kovacic,MID,CHE,5300000,2,37,2.1,3.9622641509434E-07,6.9811320754717E-06,0,38005,2,16,0,0,0,0,0,7,207,-2,0,37,2,0.5,0,2.5,0,0,6,0,1,0.2,29932,0,-1,0,0,1171,417,0,0,211,Sheffield United,Newcastle,Southampton,Man Utd,Everton,2,1.5,1.2,1,1.3,1.5,1,1.6,1,1.4,1.3,1.5,1,1.2,1,1.1,53.9
Emil,Krafth,DEF,NEW,4200000,0,7,0.318181818181818,7.57575757575758E-08,1.66666666666667E-06,0,6697,2,14,0,0,0,0,0,1.7,29,-3,0,7,3,0,0,0.1,0,0,0,0,1,0.1,2845,0,-1,0,0,443,27,0,0,64,Southampton,Chelsea,Man Utd,Wolverhampton,West Brom,0.2,0.2,0.2,0.2,0.2,0.2,0.2,0.2,0.2,0.2,0.2,0.2,0.2,0.2,0.2,0.2,12.8
Filip,Krovinovic,MID,WBA,4900000,0,17,1.5,3.06122448979592E-07,3.46938775510204E-06,0,1704,0,11,0,0,0,0,0,3.5,6,-1,0,17,1,0,0,0,0,0,1,0,0,0,1547,0,-1,0,0,541,0,0,0,97,Tottenham,Man Utd,Burnley,Brighton,Newcastle,0,0,0,0,0,0,0,0,0,0,0,0,0,0,0,0,22.8
Alexandre,Lacazette,FWD,ARS,8300000,1,80,4,4.81927710843373E-07,9.63855421686747E-06,0,962497,2,11,0,0,0,8,0,9.6,62221,-2,1,80,2,0.4,0,3.7,11,0,6,0,2,7.1,1164404,0,-1,0,2,1314,3418,-1,0,277,Aston Villa,Leeds United F.C.,Man City,Leicester,Burnley,4,3.7,3.4,4.6,4.3,3.5,4,4.3,5,4.3,3.7,5.2,4.6,3.8,4.9,4,120
Adam,Lallana,MID,BHA,6200000,1,30,1.36363636363636,2.19941348973607E-07,4.83870967741936E-06,0,83834,0,8,0,0,0,0,0,4.8,126,-3,0,30,3,0.1,0,0.5,0,0,3,0,1,0.3,14867,0,-1,0,0,813,88,0,0,126,Burnley,Aston Villa,Crystal Palace,West Brom,Leicester,0.9,0.7,0.7,0.9,0.7,0.7,0.7,0.7,0.7,0.7,1.1,0.7,0.7,0.7,0.7,0.7,43.3
Erik,Lamela,MID,TOT,5700000,2,15,0.714285714285714,1.2531328320802E-07,2.63157894736842E-06,0,21120,2,7,0,0,0,0,0,2.6,68,-3,0,15,3,0.2,0,1,0,0,1,0,1,0.1,10825,0,-1,0,0,363,56,0,0,45,West Brom,Man City,West Ham,Burnley,Crystal Palace,0.4,0.4,0.4,0.4,0.4,0.4,0.4,0.4,0.4,0.4,0,0.4,0.4,0.4,0.4,0.4,22.5
Tariq,Lamptey,DEF,BHA,4600000,0,35,1.59090909090909,3.45849802371541E-07,7.60869565217391E-06,0,1262049,2,15,0,0,0,1,0,7.6,3530,1,0,35,-1,0,0,0,2,0,2,0,3,2.8,1220378,0,-1,0,0,887,86,0,1,156,Burnley,Aston Villa,Crystal Palace,West Brom,Leicester,0,0,1.3,1.3,0.9,0.8,0.8,1.3,0.8,0.9,1,0.8,1.4,1.2,1.7,1.4,46.7
Daniel,Langley,GLK,NEW,4000000,0,0,0,0,0,0,4905,0,0,0,0,0,0,0,0,122,0,0,0,0,0,0,0,0,0,0,0,0,0.1,9155,0,-1,0,0,0,42,0,0,0,Southampton,Chelsea,Man Utd,Wolverhampton,West Brom,0,0,0,0,0,0,0,0,0,0,0,0,0,0,0,0,0
Henri,Lansbury,MID,AVL,4300000,0,0,0,0,0,0,19448,0,0,0,0,0,0,0,0,46,-2,0,0,2,0,0,0,0,0,0,0,0,0.1,6231,0,-1,0,0,0,0,0,0,0,Arsenal,Brighton,Leicester,Leeds United F.C.,Wolverhampton,0,0,0,0,0,0,0,0,0,0,0,0,0,0,0,0,0
Manuel,Lanzini,MID,WHU,6400000,0,19,0.863636363636364,1.34943181818182E-07,2.96875E-06,0,14587,1,3,0,0,0,1,0,3,166,-1,0,19,1,0.1,0,0.5,0,0,0,0,1,0.1,13106,0,-1,0,0,310,106,0,0,68,Fulham,Sheffield United,Tottenham,Man City,Leeds United F.C.,0.4,0.5,0.4,0.4,0.4,0.4,0.4,0.4,0.4,0.4,0.4,0.4,0.4,0.4,0.4,0.4,23.6
Aymeric,Laporte,DEF,MCI,6000000,0,26,1.23809523809524,2.06349206349206E-07,4.33333333333333E-06,0,359824,1,4,0,0,0,0,0,4.3,1706,0,0,26,0,0.3,0,2,3,0,3,0,0,2.2,152036,0,-1,0,0,578,859,0,0,123,Liverpool,Tottenham,Everton,Arsenal,West Ham,0.8,1.2,0.8,0.9,0.8,0.8,1.1,0.7,0.6,0.8,0,0.6,0.6,0.6,0.6,0.6,17.9
Jamaal,Lascelles,DEF,NEW,4200000,0,16,0.727272727272727,1.73160173160173E-07,3.80952380952381E-06,0,286611,3,20,0,0,0,0,0,3.8,683,-3,0,16,3,0.1,0,0.3,0,0,1,0,0,0.7,88664,0,-1,0,0,995,22,0,0,120,Southampton,Chelsea,Man Utd,Wolverhampton,West Brom,0,0,0.4,0.4,0.4,0.4,0.4,0.4,0.4,0.4,0.4,0.4,0.4,0.5,0.4,0.4,29.8
Maxime,Le Marchand,DEF,FUL,4100000,0,1,0.5,1.21951219512195E-07,2.4390243902439E-07,0,13009,2,1,0,0,0,0,0,0.2,85,-4,0,1,4,0,0,0,0,0,0,0,0,0.1,3430,0,-1,0,0,122,0,0,0,12,West Ham,Everton,Burnley,Sheffield United,Crystal Palace,0,0,0,0,0,0,0,0,0,0,0,0,0,0,0,0,1.6
Florian,Lejeune,DEF,NEW,4300000,0,0,0,0,0,0,2704,0,0,0,0,0,0,0,0,6,-2,0,0,2,0,0,0,0,0,0,0,0,0,382,0,-1,0,0,0,0,0,0,0,Southampton,Chelsea,Man Utd,Wolverhampton,West Brom,0,0,0,0,0,0,0,0,0,0,0,0,0,0,0,0,0
Jonathan,Leko,MID,WBA,4500000,0,0,0,0,0,0,4071,0,0,0,0,0,0,0,0,4,0,0,0,0,0,0,0,0,0,0,0,0,0,1465,0,-1,0,0,0,0,0,0,0,Tottenham,Man Utd,Burnley,Brighton,Newcastle,0,0,0,0,0,0,0,0,0,0,0,0,0,0,0,0,0
Mario,Lemina,MID,FUL,4500000,3,21,1,2.22222222222222E-07,4.66666666666667E-06,0,78376,1,11,0,0,0,0,0,4.7,138,0,0,21,0,0.2,0,1.1,0,0,1,0,0,0.2,13067,0,-1,0,0,681,111,0,0,107,West Ham,Everton,Burnley,Sheffield United,Crystal Palace,0.5,1,0.7,0.5,0.5,0.5,0.5,0.5,0.5,0.5,0,0.5,0.5,0.5,0.5,0.5,21
Bernd,Leno,GLK,ARS,5000000,0,88,4,8E-07,1.76E-05,0,914014,0,22,0,54,0,0,0,17.6,10483,0,0,88,0,0.7,0,3.5,6,0,8,0,0,7.3,814746,0,-1,1,2,1961,2051,0,1,410,Aston Villa,Leeds United F.C.,Man City,Leicester,Burnley,5.2,3.3,5.4,5.1,4.5,3.6,5.3,4.9,4.3,4.6,3.1,4,4.5,4,4.7,3.9,44.6
Thakgalo,Leshabela,MID,LEI,4500000,0,0,0,0,0,0,7,0,0,0,0,0,0,0,0,7,0,0,0,0,0,0,0,0,0,0,0,0,0,20,0,-1,0,0,0,12,0,0,0,Wolverhampton,Liverpool,Aston Villa,Arsenal,Brighton,0,0,0,0,0,0,0,0,0,0,0,0,0,0,0,0,0
Harry,Lewis,GLK,SOU,4000000,0,0,0,0,0,0,919,0,0,0,0,0,0,0,0,69,0,0,0,0,0,0,0,0,0,0,0,0,0,2718,0,-1,0,0,0,48,0,0,0,Newcastle,Wolverhampton,Chelsea,Leeds United F.C.,Everton,0,0,0,0,0,0,0,0,0,0,0,0,0,0,0,0,0
Jamal,Lewis,DEF,NEW,4200000,1,39,1.9,4.52380952380952E-07,9.28571428571429E-06eeds United F.C.,Man City,Leicester,Burnley,4,3.7,3.4,4.6,4.3,3.5,4,4.3,5,4.3,3.7,5.2,4.6,3.8,4.9,4,120
Adam,Lallana,MID,BHA,6200000,1,30,1.36363636363636,2.19941348973607E-07,4.83870967741936E-06,0,83834,0,8,0,0,0,0,0,4.8,126,-3,0,30,3,0.1,0,0.5,0,0,3,0,1,0.3,14867,0,-1,0,0,813,88,0,0,126,Burnley,Aston Villa,Crystal Palace,West Brom,Leicester,0.9,0.7,0.7,0.9,0.7,0.7,0.7,0.7,0.7,0.7,1.1,0.7,0.7,0.7,0.7,0.7,43.3
Erik,Lamela,MID,TOT,5700000,2,15,0.714285714285714,1.2531328320802E-07,2.63157894736842E-06,0,21120,2,7,0,0,0,0,0,2.6,68,-3,0,15,3,0.2,0,1,0,0,1,0,1,0.1,10825,0,-1,0,0,363,56,0,0,45,West Brom,Man City,West Ham,Burnley,Crystal Palace,0.4,0.4,0.4,0.4,0.4,0.4,0.4,0.4,0.4,0.4,0,0.4,0.4,0.4,0.4,0.4,22.5
Tariq,Lamptey,DEF,BHA,4600000,0,35,1.59090909090909,3.45849802371541E-07,7.60869565217391E-06,0,1262049,2,15,0,0,0,1,0,7.6,3530,1,0,35,-1,0,0,0,2,0,2,0,3,2.8,1220378,0,-1,0,0,887,86,0,1,156,Burnley,Aston Villa,Crystal Palace,West Brom,Leicester,0,0,1.3,1.3,0.9,0.8,0.8,1.3,0.8,0.9,1,0.8,1.4,1.2,1.7,1.4,46.7
Daniel,Langley,GLK,NEW,4000000,0,0,0,0,0,0,4905,0,0,0,0,0,0,0,0,122,0,0,0,0,0,0,0,0,0,0,0,0,0.1,9155,0,-1,0,0,0,42,0,0,0,Southampton,Chelsea,Man Utd,Wolverhampton,West Brom,0,0,0,0,0,0,0,0,0,0,0,0,0,0,0,0,0
Henri,Lansbury,MID,AVL,4300000,0,0,0,0,0,0,19448,0,0,0,0,0,0,0,0,46,-2,0,0,2,0,0,0,0,0,0,0,0,0.1,6231,0,-1,0,0,0,0,0,0,0,Arsenal,Brighton,Leicester,Leeds United F.C.,Wolverhampton,0,0,0,0,0,0,0,0,0,0,0,0,0,0,0,0,0
Manuel,Lanzini,MID,WHU,6400000,0,19,0.863636363636364,1.34943181818182E-07,2.96875E-06,0,14587,1,3,0,0,0,1,0,3,166,-1,0,19,1,0.1,0,0.5,0,0,0,0,1,0.1,13106,0,-1,0,0,310,106,0,0,68,Fulham,Sheffield United,Tottenham,Man City,Leeds United F.C.,0.4,0.5,0.4,0.4,0.4,0.4,0.4,0.4,0.4,0.4,0.4,0.4,0.4,0.4,0.4,0.4,23.6
Aymeric,Laporte,DEF,MCI,6000000,0,26,1.23809523809524,2.06349206349206E-07,4.33333333333333E-06,0,359824,1,4,0,0,0,0,0,4.3,1706,0,0,26,0,0.3,0,2,3,0,3,0,0,2.2,152036,0,-1,0,0,578,859,0,0,123,Liverpool,Tottenham,Everton,Arsenal,West Ham,0.8,1.2,0.8,0.9,0.8,0.8,1.1,0.7,0.6,0.8,0,0.6,0.6,0.6,0.6,0.6,17.9
Jamaal,Lascelles,DEF,NEW,4200000,0,16,0.727272727272727,1.73160173160173E-07,3.80952380952381E-06,0,286611,3,20,0,0,0,0,0,3.8,683,-3,0,16,3,0.1,0,0.3,0,0,1,0,0,0.7,88664,0,-1,0,0,995,22,0,0,120,Southampton,Chelsea,Man Utd,Wolverhampton,West Brom,0,0,0.4,0.4,0.4,0.4,0.4,0.4,0.4,0.4,0.4,0.4,0.4,0.5,0.4,0.4,29.8
Maxime,Le Marchand,DEF,FUL,4100000,0,1,0.5,1.21951219512195E-07,2.4390243902439E-07,0,13009,2,1,0,0,0,0,0,0.2,85,-4,0,1,4,0,0,0,0,0,0,0,0,0.1,3430,0,-1,0,0,122,0,0,0,12,West Ham,Everton,Burnley,Sheffield United,Crystal Palace,0,0,0,0,0,0,0,0,0,0,0,0,0,0,0,0,1.6
Florian,Lejeune,DEF,NEW,4300000,0,0,0,0,0,0,2704,0,0,0,0,0,0,0,0,6,-2,0,0,2,0,0,0,0,0,0,0,0,0,382,0,-1,0,0,0,0,0,0,0,Southampton,Chelsea,Man Utd,Wolverhampton,West Brom,0,0,0,0,0,0,0,0,0,0,0,0,0,0,0,0,0
Jonathan,Leko,MID,WBA,4500000,0,0,0,0,0,0,4071,0,0,0,0,0,0,0,0,4,0,0,0,0,0,0,0,0,0,0,0,0,0,1465,0,-1,0,0,0,0,0,0,0,Tottenham,Man Utd,Burnley,Brighton,Newcastle,0,0,0,0,0,0,0,0,0,0,0,0,0,0,0,0,0
Mario,Lemina,MID,FUL,4500000,3,21,1,2.22222222222222E-07,4.66666666666667E-06,0,78376,1,11,0,0,0,0,0,4.7,138,0,0,21,0,0.2,0,1.1,0,0,1,0,0,0.2,13067,0,-1,0,0,681,111,0,0,107,West Ham,Everton,Burnley,Sheffield United,Crystal Palace,0.5,1,0.7,0.5,0.5,0.5,0.5,0.5,0.5,0.5,0,0.5,0.5,0.5,0.5,0.5,21
Bernd,Leno,GLK,ARS,5000000,0,88,4,8E-07,1.76E-05,0,914014,0,22,0,54,0,0,0,17.6,10483,0,0,88,0,0.7,0,3.5,6,0,8,0,0,7.3,814746,0,-1,1,2,1961,2051,0,1,410,Aston Villa,Leeds United F.C.,Man City,Leicester,Burnley,5.2,3.3,5.4,5.1,4.5,3.6,5.3,4.9,4.3,4.6,3.1,4,4.5,4,4.7,3.9,44.6
Thakgalo,Leshabela,MID,LEI,4500000,0,0,0,0,0,0,7,0,0,0,0,0,0,0,0,7,0,0,0,0,0,0,0,0,0,0,0,0,0,20,0,-1,0,0,0,12,0,0,0,Wolverhampton,Liverpool,Aston Villa,Arsenal,Brighton,0,0,0,0,0,0,0,0,0,0,0,0,0,0,0,0,0
Harry,Lewis,GLK,SOU,4000000,0,0,0,0,0,0,919,0,0,0,0,0,0,0,0,69,0,0,0,0,0,0,0,0,0,0,0,0,0,2718,0,-1,0,0,0,48,0,0,0,Newcastle,Wolverhampton,Chelsea,Leeds United F.C.,Everton,0,0,0,0,0,0,0,0,0,0,0,0,0,0,0,0,0
Jamal,Lewis,DEF,NEW,4200000,1,39,1.9,4.52380952380952E-07,9.28571428571429E-06